<<<<<<< HEAD
This is pdfTeX, Version 3.141592653-2.6-1.40.29 (MiKTeX 26.2) (preloaded format=pdflatex 2026.5.11)  9 SEP 2026 19:31
=======
This is pdfTeX, Version 3.141592653-2.6-1.40.29 (TeX Live 2026) (preloaded format=pdflatex 2026.8.23)  2 SEP 2026 16:04
>>>>>>> 82e002eec67f925c0df4b4f54fa62a8404ac3abc
entering extended mode
 restricted \write18 enabled.
 file:line:error style messages enabled.
 %&-line parsing enabled.
**./main.tex
(main.tex
LaTeX2e <2025-11-01>
L3 programming layer <2026-03-20>

(C:\Users\MartenKirschenhofer\AppData\Local\Programs\MiKTeX\tex/latex/koma-scri
pt\scrbook.cls
Document Class: scrbook 2026/02/02 v3.49.2 KOMA-Script document class (book)

(C:\Users\MartenKirschenhofer\AppData\Local\Programs\MiKTeX\tex/latex/koma-scri
pt\scrkbase.sty
Package: scrkbase 2026/02/02 v3.49.2 KOMA-Script package (KOMA-Script-dependent
 basics and keyval usage)

(C:\Users\MartenKirschenhofer\AppData\Local\Programs\MiKTeX\tex/latex/koma-scri
pt\scrbase.sty
Package: scrbase 2026/02/02 v3.49.2 KOMA-Script package (KOMA-Script-independen
t basics and keyval usage)

(C:\Users\MartenKirschenhofer\AppData\Local\Programs\MiKTeX\tex/latex/koma-scri
pt\scrlfile.sty
Package: scrlfile 2026/02/02 v3.49.2 KOMA-Script package (file load hooks)

(C:\Users\MartenKirschenhofer\AppData\Local\Programs\MiKTeX\tex/latex/koma-scri
pt\scrlfile-hook.sty
Package: scrlfile-hook 2026/02/02 v3.49.2 KOMA-Script package (using LaTeX hook
s)

(C:\Users\MartenKirschenhofer\AppData\Local\Programs\MiKTeX\tex/latex/koma-scri
pt\scrlogo.sty
Package: scrlogo 2026/02/02 v3.49.2 KOMA-Script package (logo)
)))
(C:\Users\MartenKirschenhofer\AppData\Local\Programs\MiKTeX\tex/latex/graphics\
keyval.sty
Package: keyval 2022/05/29 v1.15 key=value parser (DPC)
\KV@toks@=\toks17
)
Applying: [2021/05/01] Usage of raw or classic option list on input line 254.
Already applied: [0000/00/00] Usage of raw or classic option list on input line
 370.
))
(C:\Users\MartenKirschenhofer\AppData\Local\Programs\MiKTeX\tex/latex/koma-scri
pt\tocbasic.sty
Package: tocbasic 2026/02/02 v3.49.2 KOMA-Script package (handling toc-files)
\scr@dte@tocline@numberwidth=\skip49
\scr@dte@tocline@numbox=\box53
)
Package tocbasic Info: omitting babel extension for `toc'
(tocbasic)             because of feature `nobabel' available
(tocbasic)             for `toc' on input line 143.
Package scrbook Info: You've used standard option `11pt'.
(scrbook)             This is correct!
(scrbook)             Internally I'm using `fontsize=11pt'.
(scrbook)             If you'd like to set the option with \KOMAoptions,
(scrbook)             you'd have to use `fontsize=11pt' there
(scrbook)             instead of `11pt', too.
Class scrbook Info: You've used standard option `oneside'.
(scrbook)           This is correct!
(scrbook)           Internally I'm using `twoside=false'.
(scrbook)           If you'd like to set the option with \KOMAoptions,
(scrbook)           you'd have to use `twoside=false' there
(scrbook)           instead of `oneside', too.
Class scrbook Info: You've used standard option `openright'.
(scrbook)           This is correct!
(scrbook)           Internally I'm using `open=right'.
(scrbook)           If you'd like to set the option with \KOMAoptions,
(scrbook)           you'd have to use `open=right' there
(scrbook)           instead of `openright', too.
Class scrbook Info: File `scrsize11pt.clo' used to setup font sizes on input li
ne 2713.

(C:\Users\MartenKirschenhofer\AppData\Local\Programs\MiKTeX\tex/latex/koma-scri
pt\scrsize11pt.clo
File: scrsize11pt.clo 2026/02/02 v3.49.2 KOMA-Script font size class option (11
pt)
)
(C:\Users\MartenKirschenhofer\AppData\Local\Programs\MiKTeX\tex/latex/koma-scri
pt\typearea.sty
Package: typearea 2026/02/02 v3.49.2 KOMA-Script package (type area)
\ta@bcor=\skip50
\ta@div=\count275
Package typearea Info: You've used standard option `a4paper'.
(typearea)             This is correct!
(typearea)             Internally I'm using `paper=a4'.
(typearea)             If you'd like to set the option with \KOMAoptions,
(typearea)             you'd have to use `paper=a4' there
(typearea)             instead of `a4paper', too.
Package typearea Info: You've used standard option `oneside'.
(typearea)             This is correct!
(typearea)             Internally I'm using `twoside=false'.
(typearea)             If you'd like to set the option with \KOMAoptions,
(typearea)             you'd have to use `twoside=false' there
(typearea)             instead of `oneside', too.
\ta@hblk=\skip51
\ta@vblk=\skip52
\ta@temp=\skip53
\footheight=\skip54
Package typearea Info: These are the values describing the layout:
(typearea)             DIV  = 10
(typearea)             BCOR = 0.0pt
(typearea)             \paperwidth      = 597.50793pt
(typearea)              \textwidth      = 418.25555pt
(typearea)              DIV departure   = -6%
(typearea)              \evensidemargin = 17.3562pt
(typearea)              \oddsidemargin  = 17.3562pt
(typearea)             \paperheight     = 845.04694pt
(typearea)              \textheight     = 595.80026pt
(typearea)              \topmargin      = -25.16531pt
(typearea)              \headheight     = 17.0pt
(typearea)              \headsep        = 20.40001pt
(typearea)              \topskip        = 11.0pt
(typearea)              \footskip       = 47.6pt
(typearea)              \baselineskip   = 13.6pt
(typearea)              on input line 1810.
)
\c@part=\count276
\c@chapter=\count277
\c@section=\count278
\c@subsection=\count279
\c@subsubsection=\count280
\c@paragraph=\count281
\c@subparagraph=\count282
\scr@dte@chapter@maxnumwidth=\skip55
Class scrbook Info: using compatibility default `afterindent=bysign'
(scrbook)           for `\chapter on input line 5945.
\scr@dte@section@maxnumwidth=\skip56
Class scrbook Info: using compatibility default `runin=bysign'
(scrbook)           for `\section on input line 5956.
Class scrbook Info: using compatibility default `afterindent=bysign'
(scrbook)           for `\section on input line 5956.
\scr@dte@part@maxnumwidth=\skip57
Class scrbook Info: using compatibility default `afterindent=true'
(scrbook)           for `\part on input line 5965.
\scr@dte@subsection@maxnumwidth=\skip58
Class scrbook Info: using compatibility default `runin=bysign'
(scrbook)           for `\subsection on input line 5975.
Class scrbook Info: using compatibility default `afterindent=bysign'
(scrbook)           for `\subsection on input line 5975.
\scr@dte@subsubsection@maxnumwidth=\skip59
Class scrbook Info: using compatibility default `runin=bysign'
(scrbook)           for `\subsubsection on input line 5985.
Class scrbook Info: using compatibility default `afterindent=bysign'
(scrbook)           for `\subsubsection on input line 5985.
\scr@dte@paragraph@maxnumwidth=\skip60
Class scrbook Info: using compatibility default `runin=bysign'
(scrbook)           for `\paragraph on input line 5996.
Class scrbook Info: using compatibility default `afterindent=bysign'
(scrbook)           for `\paragraph on input line 5996.
\scr@dte@subparagraph@maxnumwidth=\skip61
Class scrbook Info: using compatibility default `runin=bysign'
(scrbook)           for `\subparagraph on input line 6006.
Class scrbook Info: using compatibility default `afterindent=bysign'
(scrbook)           for `\subparagraph on input line 6006.
\abovecaptionskip=\skip62
\belowcaptionskip=\skip63
\c@pti@nb@sid@b@x=\box54
Package tocbasic Info: omitting babel extension for `lof'
(tocbasic)             because of feature `nobabel' available
(tocbasic)             for `lof' on input line 7242.
\scr@dte@figure@maxnumwidth=\skip64
\c@figure=\count283
Package tocbasic Info: omitting babel extension for `lot'
(tocbasic)             because of feature `nobabel' available
(tocbasic)             for `lot' on input line 7255.
\scr@dte@table@maxnumwidth=\skip65
\c@table=\count284
Class scrbook Info: Redefining `\numberline' on input line 7426.
\bibindent=\dimen150
<<<<<<< HEAD
)
(C:\Users\MartenKirschenhofer\AppData\Local\Programs\MiKTeX\tex/latex/pgf/front
endlayer\tikz.sty
(C:\Users\MartenKirschenhofer\AppData\Local\Programs\MiKTeX\tex/latex/pgf/basic
layer\pgf.sty
(C:\Users\MartenKirschenhofer\AppData\Local\Programs\MiKTeX\tex/latex/pgf/utili
ties\pgfrcs.sty
(C:\Users\MartenKirschenhofer\AppData\Local\Programs\MiKTeX\tex/generic/pgf/uti
lities\pgfutil-common.tex
\pgfutil@everybye=\toks18
\pgfutil@tempdima=\dimen151
\pgfutil@tempdimb=\dimen152
)
(C:\Users\MartenKirschenhofer\AppData\Local\Programs\MiKTeX\tex/generic/pgf/uti
lities\pgfutil-latex.def
\pgfutil@abb=\box55
)
(C:\Users\MartenKirschenhofer\AppData\Local\Programs\MiKTeX\tex/generic/pgf/uti
lities\pgfrcs.code.tex
(C:\Users\MartenKirschenhofer\AppData\Local\Programs\MiKTeX\tex/generic/pgf\pgf
.revision.tex)
Package: pgfrcs 2025-08-29 v3.1.11a (3.1.11a)
))
Package: pgf 2025-08-29 v3.1.11a (3.1.11a)

(C:\Users\MartenKirschenhofer\AppData\Local\Programs\MiKTeX\tex/latex/pgf/basic
layer\pgfcore.sty
(C:\Users\MartenKirschenhofer\AppData\Local\Programs\MiKTeX\tex/latex/graphics\
graphicx.sty
=======
) (/usr/share/texlive/texmf-dist/tex/latex/pgf/frontendlayer/tikz.sty (/usr/share/texlive/texmf-dist/tex/latex/pgf/basiclayer/pgf.sty (/usr/share/texlive/texmf-dist/tex/latex/pgf/utilities/pgfrcs.sty (/usr/share/texlive/texmf-dist/tex/generic/pgf/utilities/pgfutil-common.tex
\pgfutil@everybye=\toks18
\pgfutil@tempdima=\dimen151
\pgfutil@tempdimb=\dimen152
) (/usr/share/texlive/texmf-dist/tex/generic/pgf/utilities/pgfutil-latex.def
\pgfutil@abb=\box55
) (/usr/share/texlive/texmf-dist/tex/generic/pgf/utilities/pgfrcs.code.tex (/usr/share/texlive/texmf-dist/tex/generic/pgf/pgf.revision.tex)
Package: pgfrcs 2025-08-29 v3.1.11a (3.1.11a)
))
Package: pgf 2025-08-29 v3.1.11a (3.1.11a)
 (/usr/share/texlive/texmf-dist/tex/latex/pgf/basiclayer/pgfcore.sty (/usr/share/texlive/texmf-dist/tex/latex/graphics/graphicx.sty
>>>>>>> 82e002eec67f925c0df4b4f54fa62a8404ac3abc
Package: graphicx 2024/12/31 v1.2e Enhanced LaTeX Graphics (DPC,SPQR)

(C:\Users\MartenKirschenhofer\AppData\Local\Programs\MiKTeX\tex/latex/graphics\
graphics.sty
Package: graphics 2024/08/06 v1.4g Standard LaTeX Graphics (DPC,SPQR)

(C:\Users\MartenKirschenhofer\AppData\Local\Programs\MiKTeX\tex/latex/graphics\
trig.sty
Package: trig 2023/12/02 v1.11 sin cos tan (DPC)
)
(C:\Users\MartenKirschenhofer\AppData\Local\Programs\MiKTeX\tex/latex/graphics-
cfg\graphics.cfg
File: graphics.cfg 2016/06/04 v1.11 sample graphics configuration
)
Package graphics Info: Driver file: pdftex.def on input line 106.

(C:\Users\MartenKirschenhofer\AppData\Local\Programs\MiKTeX\tex/latex/graphics-
def\pdftex.def
File: pdftex.def 2025/09/29 v1.2d Graphics/color driver for pdftex
))
\Gin@req@height=\dimen153
\Gin@req@width=\dimen154
<<<<<<< HEAD
)
(C:\Users\MartenKirschenhofer\AppData\Local\Programs\MiKTeX\tex/latex/pgf/syste
mlayer\pgfsys.sty
(C:\Users\MartenKirschenhofer\AppData\Local\Programs\MiKTeX\tex/generic/pgf/sys
temlayer\pgfsys.code.tex
Package: pgfsys 2025-08-29 v3.1.11a (3.1.11a)

(C:\Users\MartenKirschenhofer\AppData\Local\Programs\MiKTeX\tex/generic/pgf/uti
lities\pgfkeys.code.tex
\pgfkeys@pathtoks=\toks19
\pgfkeys@temptoks=\toks20

(C:\Users\MartenKirschenhofer\AppData\Local\Programs\MiKTeX\tex/generic/pgf/uti
lities\pgfkeyslibraryfiltered.code.tex
\pgfkeys@tmptoks=\toks21
))
\pgf@x=\dimen155
\pgf@y=\dimen156
\pgf@xa=\dimen157
\pgf@ya=\dimen158
\pgf@xb=\dimen159
\pgf@yb=\dimen160
\pgf@xc=\dimen161
\pgf@yc=\dimen162
\pgf@xd=\dimen163
\pgf@yd=\dimen164
\w@pgf@writea=\write3
\r@pgf@reada=\read2
\c@pgf@counta=\count285
\c@pgf@countb=\count286
\c@pgf@countc=\count287
\c@pgf@countd=\count288
\t@pgf@toka=\toks22
\t@pgf@tokb=\toks23
\t@pgf@tokc=\toks24
\pgf@sys@id@count=\count289

(C:\Users\MartenKirschenhofer\AppData\Local\Programs\MiKTeX\tex/generic/pgf/sys
temlayer\pgf.cfg
File: pgf.cfg 2025-08-29 v3.1.11a (3.1.11a)
)
Driver file for pgf: pgfsys-pdftex.def

(C:\Users\MartenKirschenhofer\AppData\Local\Programs\MiKTeX\tex/generic/pgf/sys
temlayer\pgfsys-pdftex.def
File: pgfsys-pdftex.def 2025-08-29 v3.1.11a (3.1.11a)

(C:\Users\MartenKirschenhofer\AppData\Local\Programs\MiKTeX\tex/generic/pgf/sys
temlayer\pgfsys-common-pdf.def
File: pgfsys-common-pdf.def 2025-08-29 v3.1.11a (3.1.11a)
)))
(C:\Users\MartenKirschenhofer\AppData\Local\Programs\MiKTeX\tex/generic/pgf/sys
temlayer\pgfsyssoftpath.code.tex
File: pgfsyssoftpath.code.tex 2025-08-29 v3.1.11a (3.1.11a)
\pgfsyssoftpath@smallbuffer@items=\count290
\pgfsyssoftpath@bigbuffer@items=\count291
)
(C:\Users\MartenKirschenhofer\AppData\Local\Programs\MiKTeX\tex/generic/pgf/sys
temlayer\pgfsysprotocol.code.tex
File: pgfsysprotocol.code.tex 2025-08-29 v3.1.11a (3.1.11a)
))
(C:\Users\MartenKirschenhofer\AppData\Local\Programs\MiKTeX\tex/latex/xcolor\xc
olor.sty
Package: xcolor 2024/09/29 v3.02 LaTeX color extensions (UK)

(C:\Users\MartenKirschenhofer\AppData\Local\Programs\MiKTeX\tex/latex/graphics-
cfg\color.cfg
File: color.cfg 2016/01/02 v1.6 sample color configuration
)
Package xcolor Info: Driver file: pdftex.def on input line 274.

(C:\Users\MartenKirschenhofer\AppData\Local\Programs\MiKTeX\tex/latex/graphics\
mathcolor.ltx)
=======
) (/usr/share/texlive/texmf-dist/tex/latex/pgf/systemlayer/pgfsys.sty (/usr/share/texlive/texmf-dist/tex/generic/pgf/systemlayer/pgfsys.code.tex
Package: pgfsys 2025-08-29 v3.1.11a (3.1.11a)
 (/usr/share/texlive/texmf-dist/tex/generic/pgf/utilities/pgfkeys.code.tex
\pgfkeys@pathtoks=\toks19
\pgfkeys@temptoks=\toks20
 (/usr/share/texlive/texmf-dist/tex/generic/pgf/utilities/pgfkeyslibraryfiltered.code.tex
\pgfkeys@tmptoks=\toks21
))
\pgf@x=\dimen155
\pgf@y=\dimen156
\pgf@xa=\dimen157
\pgf@ya=\dimen158
\pgf@xb=\dimen159
\pgf@yb=\dimen160
\pgf@xc=\dimen161
\pgf@yc=\dimen162
\pgf@xd=\dimen163
\pgf@yd=\dimen164
\w@pgf@writea=\write3
\r@pgf@reada=\read2
\c@pgf@counta=\count285
\c@pgf@countb=\count286
\c@pgf@countc=\count287
\c@pgf@countd=\count288
\t@pgf@toka=\toks22
\t@pgf@tokb=\toks23
\t@pgf@tokc=\toks24
\pgf@sys@id@count=\count289
 (/usr/share/texlive/texmf-dist/tex/generic/pgf/systemlayer/pgf.cfg
File: pgf.cfg 2025-08-29 v3.1.11a (3.1.11a)
)
Driver file for pgf: pgfsys-pdftex.def
 (/usr/share/texlive/texmf-dist/tex/generic/pgf/systemlayer/pgfsys-pdftex.def
File: pgfsys-pdftex.def 2025-08-29 v3.1.11a (3.1.11a)
 (/usr/share/texlive/texmf-dist/tex/generic/pgf/systemlayer/pgfsys-common-pdf.def
File: pgfsys-common-pdf.def 2025-08-29 v3.1.11a (3.1.11a)
))) (/usr/share/texlive/texmf-dist/tex/generic/pgf/systemlayer/pgfsyssoftpath.code.tex
File: pgfsyssoftpath.code.tex 2025-08-29 v3.1.11a (3.1.11a)
\pgfsyssoftpath@smallbuffer@items=\count290
\pgfsyssoftpath@bigbuffer@items=\count291
) (/usr/share/texlive/texmf-dist/tex/generic/pgf/systemlayer/pgfsysprotocol.code.tex
File: pgfsysprotocol.code.tex 2025-08-29 v3.1.11a (3.1.11a)
)) (/usr/share/texlive/texmf-dist/tex/latex/xcolor/xcolor.sty
Package: xcolor 2024/09/29 v3.02 LaTeX color extensions (UK)
 (/usr/share/texlive/texmf-dist/tex/latex/graphics-cfg/color.cfg
File: color.cfg 2016/01/02 v1.6 sample color configuration
)
Package xcolor Info: Driver file: pdftex.def on input line 274.
 (/usr/share/texlive/texmf-dist/tex/latex/graphics/mathcolor.ltx)
>>>>>>> 82e002eec67f925c0df4b4f54fa62a8404ac3abc
Package xcolor Info: Model `cmy' substituted by `cmy0' on input line 1349.
Package xcolor Info: Model `hsb' substituted by `rgb' on input line 1353.
Package xcolor Info: Model `RGB' extended on input line 1365.
Package xcolor Info: Model `HTML' substituted by `rgb' on input line 1367.
Package xcolor Info: Model `Hsb' substituted by `hsb' on input line 1368.
Package xcolor Info: Model `tHsb' substituted by `hsb' on input line 1369.
Package xcolor Info: Model `HSB' substituted by `hsb' on input line 1370.
Package xcolor Info: Model `Gray' substituted by `gray' on input line 1371.
Package xcolor Info: Model `wave' substituted by `hsb' on input line 1372.
<<<<<<< HEAD
)
(C:\Users\MartenKirschenhofer\AppData\Local\Programs\MiKTeX\tex/generic/pgf/bas
iclayer\pgfcore.code.tex
Package: pgfcore 2025-08-29 v3.1.11a (3.1.11a)

(C:\Users\MartenKirschenhofer\AppData\Local\Programs\MiKTeX\tex/generic/pgf/mat
h\pgfmath.code.tex
(C:\Users\MartenKirschenhofer\AppData\Local\Programs\MiKTeX\tex/generic/pgf/mat
h\pgfmathutil.code.tex)
(C:\Users\MartenKirschenhofer\AppData\Local\Programs\MiKTeX\tex/generic/pgf/mat
h\pgfmathparser.code.tex
=======
) (/usr/share/texlive/texmf-dist/tex/generic/pgf/basiclayer/pgfcore.code.tex
Package: pgfcore 2025-08-29 v3.1.11a (3.1.11a)
 (/usr/share/texlive/texmf-dist/tex/generic/pgf/math/pgfmath.code.tex (/usr/share/texlive/texmf-dist/tex/generic/pgf/math/pgfmathutil.code.tex) (/usr/share/texlive/texmf-dist/tex/generic/pgf/math/pgfmathparser.code.tex
>>>>>>> 82e002eec67f925c0df4b4f54fa62a8404ac3abc
\pgfmath@dimen=\dimen165
\pgfmath@count=\count292
\pgfmath@box=\box56
\pgfmath@toks=\toks25
\pgfmath@stack@operand=\toks26
\pgfmath@stack@operation=\toks27
<<<<<<< HEAD
)
(C:\Users\MartenKirschenhofer\AppData\Local\Programs\MiKTeX\tex/generic/pgf/mat
h\pgfmathfunctions.code.tex)
(C:\Users\MartenKirschenhofer\AppData\Local\Programs\MiKTeX\tex/generic/pgf/mat
h\pgfmathfunctions.basic.code.tex)
(C:\Users\MartenKirschenhofer\AppData\Local\Programs\MiKTeX\tex/generic/pgf/mat
h\pgfmathfunctions.trigonometric.code.tex)
(C:\Users\MartenKirschenhofer\AppData\Local\Programs\MiKTeX\tex/generic/pgf/mat
h\pgfmathfunctions.random.code.tex)
(C:\Users\MartenKirschenhofer\AppData\Local\Programs\MiKTeX\tex/generic/pgf/mat
h\pgfmathfunctions.comparison.code.tex)
(C:\Users\MartenKirschenhofer\AppData\Local\Programs\MiKTeX\tex/generic/pgf/mat
h\pgfmathfunctions.base.code.tex)
(C:\Users\MartenKirschenhofer\AppData\Local\Programs\MiKTeX\tex/generic/pgf/mat
h\pgfmathfunctions.round.code.tex)
(C:\Users\MartenKirschenhofer\AppData\Local\Programs\MiKTeX\tex/generic/pgf/mat
h\pgfmathfunctions.misc.code.tex)
(C:\Users\MartenKirschenhofer\AppData\Local\Programs\MiKTeX\tex/generic/pgf/mat
h\pgfmathfunctions.integerarithmetics.code.tex)
(C:\Users\MartenKirschenhofer\AppData\Local\Programs\MiKTeX\tex/generic/pgf/mat
h\pgfmathcalc.code.tex)
(C:\Users\MartenKirschenhofer\AppData\Local\Programs\MiKTeX\tex/generic/pgf/mat
h\pgfmathfloat.code.tex
\c@pgfmathroundto@lastzeros=\count293
))
(C:\Users\MartenKirschenhofer\AppData\Local\Programs\MiKTeX\tex/generic/pgf/mat
h\pgfint.code.tex)
(C:\Users\MartenKirschenhofer\AppData\Local\Programs\MiKTeX\tex/generic/pgf/bas
iclayer\pgfcorepoints.code.tex
=======
) (/usr/share/texlive/texmf-dist/tex/generic/pgf/math/pgfmathfunctions.code.tex) (/usr/share/texlive/texmf-dist/tex/generic/pgf/math/pgfmathfunctions.basic.code.tex) (/usr/share/texlive/texmf-dist/tex/generic/pgf/math/pgfmathfunctions.trigonometric.code.tex) (/usr/share/texlive/texmf-dist/tex/generic/pgf/math/pgfmathfunctions.random.code.tex) (/usr/share/texlive/texmf-dist/tex/generic/pgf/math/pgfmathfunctions.comparison.code.tex) (/usr/share/texlive/texmf-dist/tex/generic/pgf/math/pgfmathfunctions.base.code.tex) (/usr/share/texlive/texmf-dist/tex/generic/pgf/math/pgfmathfunctions.round.code.tex) (/usr/share/texlive/texmf-dist/tex/generic/pgf/math/pgfmathfunctions.misc.code.tex) (/usr/share/texlive/texmf-dist/tex/generic/pgf/math/pgfmathfunctions.integerarithmetics.code.tex) (/usr/share/texlive/texmf-dist/tex/generic/pgf/math/pgfmathcalc.code.tex) (/usr/share/texlive/texmf-dist/tex/generic/pgf/math/pgfmathfloat.code.tex
\c@pgfmathroundto@lastzeros=\count293
)) (/usr/share/texlive/texmf-dist/tex/generic/pgf/math/pgfint.code.tex) (/usr/share/texlive/texmf-dist/tex/generic/pgf/basiclayer/pgfcorepoints.code.tex
>>>>>>> 82e002eec67f925c0df4b4f54fa62a8404ac3abc
File: pgfcorepoints.code.tex 2025-08-29 v3.1.11a (3.1.11a)
\pgf@picminx=\dimen166
\pgf@picmaxx=\dimen167
\pgf@picminy=\dimen168
\pgf@picmaxy=\dimen169
\pgf@pathminx=\dimen170
\pgf@pathmaxx=\dimen171
\pgf@pathminy=\dimen172
\pgf@pathmaxy=\dimen173
\pgf@xx=\dimen174
\pgf@xy=\dimen175
\pgf@yx=\dimen176
\pgf@yy=\dimen177
\pgf@zx=\dimen178
\pgf@zy=\dimen179
<<<<<<< HEAD
)
(C:\Users\MartenKirschenhofer\AppData\Local\Programs\MiKTeX\tex/generic/pgf/bas
iclayer\pgfcorepathconstruct.code.tex
File: pgfcorepathconstruct.code.tex 2025-08-29 v3.1.11a (3.1.11a)
\pgf@path@lastx=\dimen180
\pgf@path@lasty=\dimen181
)
(C:\Users\MartenKirschenhofer\AppData\Local\Programs\MiKTeX\tex/generic/pgf/bas
iclayer\pgfcorepathusage.code.tex
File: pgfcorepathusage.code.tex 2025-08-29 v3.1.11a (3.1.11a)
\pgf@shorten@end@additional=\dimen182
\pgf@shorten@start@additional=\dimen183
)
(C:\Users\MartenKirschenhofer\AppData\Local\Programs\MiKTeX\tex/generic/pgf/bas
iclayer\pgfcorescopes.code.tex
=======
) (/usr/share/texlive/texmf-dist/tex/generic/pgf/basiclayer/pgfcorepathconstruct.code.tex
File: pgfcorepathconstruct.code.tex 2025-08-29 v3.1.11a (3.1.11a)
\pgf@path@lastx=\dimen180
\pgf@path@lasty=\dimen181
) (/usr/share/texlive/texmf-dist/tex/generic/pgf/basiclayer/pgfcorepathusage.code.tex
File: pgfcorepathusage.code.tex 2025-08-29 v3.1.11a (3.1.11a)
\pgf@shorten@end@additional=\dimen182
\pgf@shorten@start@additional=\dimen183
) (/usr/share/texlive/texmf-dist/tex/generic/pgf/basiclayer/pgfcorescopes.code.tex
>>>>>>> 82e002eec67f925c0df4b4f54fa62a8404ac3abc
File: pgfcorescopes.code.tex 2025-08-29 v3.1.11a (3.1.11a)
\pgfpic=\box57
\pgf@hbox=\box58
\pgf@layerbox@main=\box59
\pgf@picture@serial@count=\count294
<<<<<<< HEAD
)
(C:\Users\MartenKirschenhofer\AppData\Local\Programs\MiKTeX\tex/generic/pgf/bas
iclayer\pgfcoregraphicstate.code.tex
File: pgfcoregraphicstate.code.tex 2025-08-29 v3.1.11a (3.1.11a)
\pgflinewidth=\dimen184
)
(C:\Users\MartenKirschenhofer\AppData\Local\Programs\MiKTeX\tex/generic/pgf/bas
iclayer\pgfcoretransformations.code.tex
=======
) (/usr/share/texlive/texmf-dist/tex/generic/pgf/basiclayer/pgfcoregraphicstate.code.tex
File: pgfcoregraphicstate.code.tex 2025-08-29 v3.1.11a (3.1.11a)
\pgflinewidth=\dimen184
) (/usr/share/texlive/texmf-dist/tex/generic/pgf/basiclayer/pgfcoretransformations.code.tex
>>>>>>> 82e002eec67f925c0df4b4f54fa62a8404ac3abc
File: pgfcoretransformations.code.tex 2025-08-29 v3.1.11a (3.1.11a)
\pgf@pt@x=\dimen185
\pgf@pt@y=\dimen186
\pgf@pt@temp=\dimen187
<<<<<<< HEAD
)
(C:\Users\MartenKirschenhofer\AppData\Local\Programs\MiKTeX\tex/generic/pgf/bas
iclayer\pgfcorequick.code.tex
File: pgfcorequick.code.tex 2025-08-29 v3.1.11a (3.1.11a)
)
(C:\Users\MartenKirschenhofer\AppData\Local\Programs\MiKTeX\tex/generic/pgf/bas
iclayer\pgfcoreobjects.code.tex
File: pgfcoreobjects.code.tex 2025-08-29 v3.1.11a (3.1.11a)
)
(C:\Users\MartenKirschenhofer\AppData\Local\Programs\MiKTeX\tex/generic/pgf/bas
iclayer\pgfcorepathprocessing.code.tex
File: pgfcorepathprocessing.code.tex 2025-08-29 v3.1.11a (3.1.11a)
)
(C:\Users\MartenKirschenhofer\AppData\Local\Programs\MiKTeX\tex/generic/pgf/bas
iclayer\pgfcorearrows.code.tex
File: pgfcorearrows.code.tex 2025-08-29 v3.1.11a (3.1.11a)
\pgfarrowsep=\dimen188
)
(C:\Users\MartenKirschenhofer\AppData\Local\Programs\MiKTeX\tex/generic/pgf/bas
iclayer\pgfcoreshade.code.tex
=======
) (/usr/share/texlive/texmf-dist/tex/generic/pgf/basiclayer/pgfcorequick.code.tex
File: pgfcorequick.code.tex 2025-08-29 v3.1.11a (3.1.11a)
) (/usr/share/texlive/texmf-dist/tex/generic/pgf/basiclayer/pgfcoreobjects.code.tex
File: pgfcoreobjects.code.tex 2025-08-29 v3.1.11a (3.1.11a)
) (/usr/share/texlive/texmf-dist/tex/generic/pgf/basiclayer/pgfcorepathprocessing.code.tex
File: pgfcorepathprocessing.code.tex 2025-08-29 v3.1.11a (3.1.11a)
) (/usr/share/texlive/texmf-dist/tex/generic/pgf/basiclayer/pgfcorearrows.code.tex
File: pgfcorearrows.code.tex 2025-08-29 v3.1.11a (3.1.11a)
\pgfarrowsep=\dimen188
) (/usr/share/texlive/texmf-dist/tex/generic/pgf/basiclayer/pgfcoreshade.code.tex
>>>>>>> 82e002eec67f925c0df4b4f54fa62a8404ac3abc
File: pgfcoreshade.code.tex 2025-08-29 v3.1.11a (3.1.11a)
\pgf@max=\dimen189
\pgf@sys@shading@range@num=\count295
\pgf@shadingcount=\count296
<<<<<<< HEAD
)
(C:\Users\MartenKirschenhofer\AppData\Local\Programs\MiKTeX\tex/generic/pgf/bas
iclayer\pgfcoreimage.code.tex
File: pgfcoreimage.code.tex 2025-08-29 v3.1.11a (3.1.11a)
)
(C:\Users\MartenKirschenhofer\AppData\Local\Programs\MiKTeX\tex/generic/pgf/bas
iclayer\pgfcoreexternal.code.tex
File: pgfcoreexternal.code.tex 2025-08-29 v3.1.11a (3.1.11a)
\pgfexternal@startupbox=\box60
)
(C:\Users\MartenKirschenhofer\AppData\Local\Programs\MiKTeX\tex/generic/pgf/bas
iclayer\pgfcorelayers.code.tex
File: pgfcorelayers.code.tex 2025-08-29 v3.1.11a (3.1.11a)
)
(C:\Users\MartenKirschenhofer\AppData\Local\Programs\MiKTeX\tex/generic/pgf/bas
iclayer\pgfcoretransparency.code.tex
File: pgfcoretransparency.code.tex 2025-08-29 v3.1.11a (3.1.11a)
)
(C:\Users\MartenKirschenhofer\AppData\Local\Programs\MiKTeX\tex/generic/pgf/bas
iclayer\pgfcorepatterns.code.tex
File: pgfcorepatterns.code.tex 2025-08-29 v3.1.11a (3.1.11a)
)
(C:\Users\MartenKirschenhofer\AppData\Local\Programs\MiKTeX\tex/generic/pgf/bas
iclayer\pgfcorerdf.code.tex
File: pgfcorerdf.code.tex 2025-08-29 v3.1.11a (3.1.11a)
)))
(C:\Users\MartenKirschenhofer\AppData\Local\Programs\MiKTeX\tex/generic/pgf/mod
ules\pgfmoduleshapes.code.tex
File: pgfmoduleshapes.code.tex 2025-08-29 v3.1.11a (3.1.11a)
\pgfnodeparttextbox=\box61
)
(C:\Users\MartenKirschenhofer\AppData\Local\Programs\MiKTeX\tex/generic/pgf/mod
ules\pgfmoduleplot.code.tex
File: pgfmoduleplot.code.tex 2025-08-29 v3.1.11a (3.1.11a)
)
(C:\Users\MartenKirschenhofer\AppData\Local\Programs\MiKTeX\tex/latex/pgf/compa
tibility\pgfcomp-version-0-65.sty
Package: pgfcomp-version-0-65 2025-08-29 v3.1.11a (3.1.11a)
\pgf@nodesepstart=\dimen190
\pgf@nodesepend=\dimen191
)
(C:\Users\MartenKirschenhofer\AppData\Local\Programs\MiKTeX\tex/latex/pgf/compa
tibility\pgfcomp-version-1-18.sty
Package: pgfcomp-version-1-18 2025-08-29 v3.1.11a (3.1.11a)
))
(C:\Users\MartenKirschenhofer\AppData\Local\Programs\MiKTeX\tex/latex/pgf/utili
ties\pgffor.sty
(C:\Users\MartenKirschenhofer\AppData\Local\Programs\MiKTeX\tex/latex/pgf/utili
ties\pgfkeys.sty
(C:\Users\MartenKirschenhofer\AppData\Local\Programs\MiKTeX\tex/generic/pgf/uti
lities\pgfkeys.code.tex))
(C:\Users\MartenKirschenhofer\AppData\Local\Programs\MiKTeX\tex/latex/pgf/math\
pgfmath.sty
(C:\Users\MartenKirschenhofer\AppData\Local\Programs\MiKTeX\tex/generic/pgf/mat
h\pgfmath.code.tex))
(C:\Users\MartenKirschenhofer\AppData\Local\Programs\MiKTeX\tex/generic/pgf/uti
lities\pgffor.code.tex
=======
) (/usr/share/texlive/texmf-dist/tex/generic/pgf/basiclayer/pgfcoreimage.code.tex
File: pgfcoreimage.code.tex 2025-08-29 v3.1.11a (3.1.11a)
) (/usr/share/texlive/texmf-dist/tex/generic/pgf/basiclayer/pgfcoreexternal.code.tex
File: pgfcoreexternal.code.tex 2025-08-29 v3.1.11a (3.1.11a)
\pgfexternal@startupbox=\box60
) (/usr/share/texlive/texmf-dist/tex/generic/pgf/basiclayer/pgfcorelayers.code.tex
File: pgfcorelayers.code.tex 2025-08-29 v3.1.11a (3.1.11a)
) (/usr/share/texlive/texmf-dist/tex/generic/pgf/basiclayer/pgfcoretransparency.code.tex
File: pgfcoretransparency.code.tex 2025-08-29 v3.1.11a (3.1.11a)
) (/usr/share/texlive/texmf-dist/tex/generic/pgf/basiclayer/pgfcorepatterns.code.tex
File: pgfcorepatterns.code.tex 2025-08-29 v3.1.11a (3.1.11a)
) (/usr/share/texlive/texmf-dist/tex/generic/pgf/basiclayer/pgfcorerdf.code.tex
File: pgfcorerdf.code.tex 2025-08-29 v3.1.11a (3.1.11a)
))) (/usr/share/texlive/texmf-dist/tex/generic/pgf/modules/pgfmoduleshapes.code.tex
File: pgfmoduleshapes.code.tex 2025-08-29 v3.1.11a (3.1.11a)
\pgfnodeparttextbox=\box61
) (/usr/share/texlive/texmf-dist/tex/generic/pgf/modules/pgfmoduleplot.code.tex
File: pgfmoduleplot.code.tex 2025-08-29 v3.1.11a (3.1.11a)
) (/usr/share/texlive/texmf-dist/tex/latex/pgf/compatibility/pgfcomp-version-0-65.sty
Package: pgfcomp-version-0-65 2025-08-29 v3.1.11a (3.1.11a)
\pgf@nodesepstart=\dimen190
\pgf@nodesepend=\dimen191
) (/usr/share/texlive/texmf-dist/tex/latex/pgf/compatibility/pgfcomp-version-1-18.sty
Package: pgfcomp-version-1-18 2025-08-29 v3.1.11a (3.1.11a)
)) (/usr/share/texlive/texmf-dist/tex/latex/pgf/utilities/pgffor.sty (/usr/share/texlive/texmf-dist/tex/latex/pgf/utilities/pgfkeys.sty (/usr/share/texlive/texmf-dist/tex/generic/pgf/utilities/pgfkeys.code.tex)) (/usr/share/texlive/texmf-dist/tex/latex/pgf/math/pgfmath.sty (/usr/share/texlive/texmf-dist/tex/generic/pgf/math/pgfmath.code.tex)) (/usr/share/texlive/texmf-dist/tex/generic/pgf/utilities/pgffor.code.tex
>>>>>>> 82e002eec67f925c0df4b4f54fa62a8404ac3abc
Package: pgffor 2025-08-29 v3.1.11a (3.1.11a)
\pgffor@iter=\dimen192
\pgffor@skip=\dimen193
\pgffor@stack=\toks28
\pgffor@toks=\toks29
<<<<<<< HEAD
))
(C:\Users\MartenKirschenhofer\AppData\Local\Programs\MiKTeX\tex/generic/pgf/fro
ntendlayer/tikz\tikz.code.tex
Package: tikz 2025-08-29 v3.1.11a (3.1.11a)

(C:\Users\MartenKirschenhofer\AppData\Local\Programs\MiKTeX\tex/generic/pgf/lib
raries\pgflibraryplothandlers.code.tex
=======
)) (/usr/share/texlive/texmf-dist/tex/generic/pgf/frontendlayer/tikz/tikz.code.tex
Package: tikz 2025-08-29 v3.1.11a (3.1.11a)
 (/usr/share/texlive/texmf-dist/tex/generic/pgf/libraries/pgflibraryplothandlers.code.tex
>>>>>>> 82e002eec67f925c0df4b4f54fa62a8404ac3abc
File: pgflibraryplothandlers.code.tex 2025-08-29 v3.1.11a (3.1.11a)
\pgf@plot@mark@count=\count297
\pgfplotmarksize=\dimen194
)
\tikz@lastx=\dimen195
\tikz@lasty=\dimen196
\tikz@lastxsaved=\dimen197
\tikz@lastysaved=\dimen198
\tikz@lastmovetox=\dimen199
\tikz@lastmovetoy=\dimen256
\tikzleveldistance=\dimen257
\tikzsiblingdistance=\dimen258
\tikz@figbox=\box62
\tikz@figbox@bg=\box63
\tikz@tempbox=\box64
\tikz@tempbox@bg=\box65
\tikztreelevel=\count298
\tikznumberofchildren=\count299
\tikznumberofcurrentchild=\count300
\tikz@fig@count=\count301
<<<<<<< HEAD

(C:\Users\MartenKirschenhofer\AppData\Local\Programs\MiKTeX\tex/generic/pgf/mod
ules\pgfmodulematrix.code.tex
=======
 (/usr/share/texlive/texmf-dist/tex/generic/pgf/modules/pgfmodulematrix.code.tex
>>>>>>> 82e002eec67f925c0df4b4f54fa62a8404ac3abc
File: pgfmodulematrix.code.tex 2025-08-29 v3.1.11a (3.1.11a)
\pgfmatrixcurrentrow=\count302
\pgfmatrixcurrentcolumn=\count303
\pgf@matrix@numberofcolumns=\count304
)
\tikz@expandcount=\count305
<<<<<<< HEAD

(C:\Users\MartenKirschenhofer\AppData\Local\Programs\MiKTeX\tex/generic/pgf/fro
ntendlayer/tikz/libraries\tikzlibrarytopaths.code.tex
File: tikzlibrarytopaths.code.tex 2025-08-29 v3.1.11a (3.1.11a)
)))
(C:\Users\MartenKirschenhofer\AppData\Local\Programs\MiKTeX\tex/generic/pgf/lib
raries\pgflibraryarrows.meta.code.tex
=======
 (/usr/share/texlive/texmf-dist/tex/generic/pgf/frontendlayer/tikz/libraries/tikzlibrarytopaths.code.tex
File: tikzlibrarytopaths.code.tex 2025-08-29 v3.1.11a (3.1.11a)
))) (/usr/share/texlive/texmf-dist/tex/generic/pgf/libraries/pgflibraryarrows.meta.code.tex
>>>>>>> 82e002eec67f925c0df4b4f54fa62a8404ac3abc
File: pgflibraryarrows.meta.code.tex 2025-08-29 v3.1.11a (3.1.11a)
\pgfarrowinset=\dimen259
\pgfarrowlength=\dimen260
\pgfarrowwidth=\dimen261
\pgfarrowlinewidth=\dimen262
<<<<<<< HEAD
)
(C:\Users\MartenKirschenhofer\AppData\Local\Programs\MiKTeX\tex/generic/pgf/fro
ntendlayer/tikz/libraries\tikzlibrarypositioning.code.tex
File: tikzlibrarypositioning.code.tex 2025-08-29 v3.1.11a (3.1.11a)
)
(C:\Users\MartenKirschenhofer\AppData\Local\Programs\MiKTeX\tex/generic/pgf/fro
ntendlayer/tikz/libraries\tikzlibrarycalc.code.tex
File: tikzlibrarycalc.code.tex 2025-08-29 v3.1.11a (3.1.11a)
) (packages.tex
(C:\Users\MartenKirschenhofer\AppData\Local\Programs\MiKTeX\tex/latex/graphics\
epsfig.sty
Package: epsfig 2024/01/14 v1.7b (e)psfig emulation (SPQR)
\epsfxsize=\dimen263
\epsfysize=\dimen264
)
(C:\Users\MartenKirschenhofer\AppData\Local\Programs\MiKTeX\tex/latex/psfrag\ps
frag.sty
=======
) (/usr/share/texlive/texmf-dist/tex/generic/pgf/frontendlayer/tikz/libraries/tikzlibrarypositioning.code.tex
File: tikzlibrarypositioning.code.tex 2025-08-29 v3.1.11a (3.1.11a)
) (/usr/share/texlive/texmf-dist/tex/generic/pgf/frontendlayer/tikz/libraries/tikzlibrarycalc.code.tex
File: tikzlibrarycalc.code.tex 2025-08-29 v3.1.11a (3.1.11a)
) (./packages.tex (/usr/share/texlive/texmf-dist/tex/latex/graphics/epsfig.sty
Package: epsfig 2024/01/14 v1.7b (e)psfig emulation (SPQR)
\epsfxsize=\dimen263
\epsfysize=\dimen264
) (/usr/share/texlive/texmf-dist/tex/latex/psfrag/psfrag.sty
>>>>>>> 82e002eec67f925c0df4b4f54fa62a8404ac3abc
Package: psfrag 1998/04/11 v3.04 PSfrag (MCG)
\pfg@pcount=\count306
\pfg@scount=\count307
\pfg@temp=\write4
<<<<<<< HEAD
)
(C:\Users\MartenKirschenhofer\AppData\Local\Programs\MiKTeX\tex/latex/footmisc\
footmisc.sty
=======
) (/usr/share/texlive/texmf-dist/tex/latex/footmisc/footmisc.sty
>>>>>>> 82e002eec67f925c0df4b4f54fa62a8404ac3abc
Package: footmisc 2025/05/09 v7.0b a miscellany of footnote facilities
\FN@temptoken=\toks30
\footnotemargin=\dimen265
Package footmisc Info: Declaring symbol style bringhurst on input line 549.
Package footmisc Info: Declaring symbol style chicago on input line 557.
Package footmisc Info: Declaring symbol style wiley on input line 566.
Package footmisc Info: Declaring symbol style lamport-robust on input line 577.

Package footmisc Info: Declaring symbol style lamport* on input line 597.
Package footmisc Info: Declaring symbol style lamport*-robust on input line 618
.
)
(C:\Users\MartenKirschenhofer\AppData\Local\Programs\MiKTeX\tex/latex/lipsum\li
psum.sty
(C:\Users\MartenKirschenhofer\AppData\Local\Programs\MiKTeX\tex/latex/l3package
s/l3keys2e\l3keys2e.sty
(C:\Users\MartenKirschenhofer\AppData\Local\Programs\MiKTeX\tex/latex/l3kernel\
expl3.sty
Package: expl3 2026-03-20 L3 programming layer (loader) 

(C:\Users\MartenKirschenhofer\AppData\Local\Programs\MiKTeX\tex/latex/l3backend
\l3backend-pdftex.def
File: l3backend-pdftex.def 2026-02-18 L3 backend support: PDF output (pdfTeX)
\l__color_backend_stack_int=\count308
))
Package: l3keys2e 2025-10-09 LaTeX2e option processing using LaTeX3 keys
)
Package: lipsum 2021-09-20 v2.7 150 paragraphs of Lorem Ipsum dummy text
\g__lipsum_par_int=\count309
\l__lipsum_a_int=\count310
\l__lipsum_b_int=\count311
<<<<<<< HEAD

(C:\Users\MartenKirschenhofer\AppData\Local\Programs\MiKTeX\tex/latex/lipsum\li
psum.ltd.tex))
(C:\Users\MartenKirschenhofer\AppData\Local\Programs\MiKTeX\tex/latex/mdframed\
mdframed.sty
=======
 (/usr/share/texlive/texmf-dist/tex/latex/lipsum/lipsum.ltd.tex)) (/usr/share/texlive/texmf-dist/tex/latex/mdframed/mdframed.sty
>>>>>>> 82e002eec67f925c0df4b4f54fa62a8404ac3abc
Package: mdframed 2013/07/01 1.9b: mdframed

(C:\Users\MartenKirschenhofer\AppData\Local\Programs\MiKTeX\tex/latex/kvoptions
\kvoptions.sty
Package: kvoptions 2022-06-15 v3.15 Key value format for package options (HO)

(C:\Users\MartenKirschenhofer\AppData\Local\Programs\MiKTeX\tex/generic/ltxcmds
\ltxcmds.sty
Package: ltxcmds 2023-12-04 v1.26 LaTeX kernel commands for general use (HO)
)
(C:\Users\MartenKirschenhofer\AppData\Local\Programs\MiKTeX\tex/latex/kvsetkeys
\kvsetkeys.sty
Package: kvsetkeys 2022-10-05 v1.19 Key value parser (HO)
))
(C:\Users\MartenKirschenhofer\AppData\Local\Programs\MiKTeX\tex/latex/l3package
s/xparse\xparse.sty
Package: xparse 2025-10-09 L3 Experimental document command parser
)
(C:\Users\MartenKirschenhofer\AppData\Local\Programs\MiKTeX\tex/latex/etoolbox\
etoolbox.sty
Package: etoolbox 2025/10/02 v2.5m e-TeX tools for LaTeX (JAW)
\etb@tempcnta=\count312
<<<<<<< HEAD
)
(C:\Users\MartenKirschenhofer\AppData\Local\Programs\MiKTeX\tex/latex/zref\zref
-abspage.sty
=======
) (/usr/share/texlive/texmf-dist/tex/latex/zref/zref-abspage.sty
>>>>>>> 82e002eec67f925c0df4b4f54fa62a8404ac3abc
Package: zref-abspage 2026-03-07 v2.37 Module abspage for zref (HO)

(C:\Users\MartenKirschenhofer\AppData\Local\Programs\MiKTeX\tex/latex/zref\zref
-base.sty
Package: zref-base 2026-03-07 v2.37 Module base for zref (HO)

(C:\Users\MartenKirschenhofer\AppData\Local\Programs\MiKTeX\tex/generic/infware
rr\infwarerr.sty
Package: infwarerr 2019/12/03 v1.5 Providing info/warning/error messages (HO)
)
(C:\Users\MartenKirschenhofer\AppData\Local\Programs\MiKTeX\tex/generic/kvdefin
ekeys\kvdefinekeys.sty
Package: kvdefinekeys 2019-12-19 v1.6 Define keys (HO)
)
(C:\Users\MartenKirschenhofer\AppData\Local\Programs\MiKTeX\tex/generic/pdftexc
mds\pdftexcmds.sty
Package: pdftexcmds 2020-06-27 v0.33 Utility functions of pdfTeX for LuaTeX (HO
)

(C:\Users\MartenKirschenhofer\AppData\Local\Programs\MiKTeX\tex/generic/iftex\i
ftex.sty
Package: iftex 2024/12/12 v1.0g TeX engine tests
)
Package pdftexcmds Info: \pdf@primitive is available.
Package pdftexcmds Info: \pdf@ifprimitive is available.
Package pdftexcmds Info: \pdfdraftmode found.
)
(C:\Users\MartenKirschenhofer\AppData\Local\Programs\MiKTeX\tex/generic/etexcmd
s\etexcmds.sty
Package: etexcmds 2019/12/15 v1.7 Avoid name clashes with e-TeX commands (HO)
)
(C:\Users\MartenKirschenhofer\AppData\Local\Programs\MiKTeX\tex/latex/auxhook\a
uxhook.sty
Package: auxhook 2019-12-17 v1.6 Hooks for auxiliary files (HO)
)
Package zref Info: New property list: main on input line 767.
Package zref Info: New property: default on input line 768.
Package zref Info: New property: page on input line 769.
)
\c@abspage=\count313
Package zref Info: New property: abspage on input line 67.
<<<<<<< HEAD
)
(C:\Users\MartenKirschenhofer\AppData\Local\Programs\MiKTeX\tex/latex/needspace
\needspace.sty
Package: needspace 2025/03/13 v1.3e reserve vertical space
)
=======
) (/usr/share/texlive/texmf-dist/tex/latex/needspace/needspace.sty
Package: needspace 2025/03/13 v1.3e reserve vertical space
)
>>>>>>> 82e002eec67f925c0df4b4f54fa62a8404ac3abc
\mdf@templength=\skip66
\c@mdf@globalstyle@cnt=\count314
\mdf@skipabove@length=\skip67
\mdf@skipbelow@length=\skip68
\mdf@leftmargin@length=\skip69
\mdf@rightmargin@length=\skip70
\mdf@innerleftmargin@length=\skip71
\mdf@innerrightmargin@length=\skip72
\mdf@innertopmargin@length=\skip73
\mdf@innerbottommargin@length=\skip74
\mdf@splittopskip@length=\skip75
\mdf@splitbottomskip@length=\skip76
\mdf@outermargin@length=\skip77
\mdf@innermargin@length=\skip78
\mdf@linewidth@length=\skip79
\mdf@innerlinewidth@length=\skip80
\mdf@middlelinewidth@length=\skip81
\mdf@outerlinewidth@length=\skip82
\mdf@roundcorner@length=\skip83
\mdf@footenotedistance@length=\skip84
\mdf@userdefinedwidth@length=\skip85
\mdf@needspace@length=\skip86
\mdf@frametitleaboveskip@length=\skip87
\mdf@frametitlebelowskip@length=\skip88
\mdf@frametitlerulewidth@length=\skip89
\mdf@frametitleleftmargin@length=\skip90
\mdf@frametitlerightmargin@length=\skip91
\mdf@shadowsize@length=\skip92
\mdf@extratopheight@length=\skip93
\mdf@subtitleabovelinewidth@length=\skip94
\mdf@subtitlebelowlinewidth@length=\skip95
\mdf@subtitleaboveskip@length=\skip96
\mdf@subtitlebelowskip@length=\skip97
\mdf@subtitleinneraboveskip@length=\skip98
\mdf@subtitleinnerbelowskip@length=\skip99
\mdf@subsubtitleabovelinewidth@length=\skip100
\mdf@subsubtitlebelowlinewidth@length=\skip101
\mdf@subsubtitleaboveskip@length=\skip102
\mdf@subsubtitlebelowskip@length=\skip103
\mdf@subsubtitleinneraboveskip@length=\skip104
\mdf@subsubtitleinnerbelowskip@length=\skip105

(C:\Users\MartenKirschenhofer\AppData\Local\Programs\MiKTeX\tex/latex/mdframed\
md-frame-0.mdf
File: md-frame-0.mdf 2013/07/01\ 1.9b: md-frame-0
)
\mdf@frametitlebox=\box66
\mdf@footnotebox=\box67
\mdf@splitbox@one=\box68
\mdf@splitbox@two=\box69
\mdf@splitbox@save=\box70
\mdfsplitboxwidth=\skip106
\mdfsplitboxtotalwidth=\skip107
\mdfsplitboxheight=\skip108
\mdfsplitboxdepth=\skip109
\mdfsplitboxtotalheight=\skip110
\mdfframetitleboxwidth=\skip111
\mdfframetitleboxtotalwidth=\skip112
\mdfframetitleboxheight=\skip113
\mdfframetitleboxdepth=\skip114
\mdfframetitleboxtotalheight=\skip115
\mdffootnoteboxwidth=\skip116
\mdffootnoteboxtotalwidth=\skip117
\mdffootnoteboxheight=\skip118
\mdffootnoteboxdepth=\skip119
\mdffootnoteboxtotalheight=\skip120
\mdftotallinewidth=\skip121
\mdfboundingboxwidth=\skip122
\mdfboundingboxtotalwidth=\skip123
\mdfboundingboxheight=\skip124
\mdfboundingboxdepth=\skip125
\mdfboundingboxtotalheight=\skip126
\mdf@freevspace@length=\skip127
\mdf@horizontalwidthofbox@length=\skip128
\mdf@verticalmarginwhole@length=\skip129
\mdf@horizontalspaceofbox=\skip130
\mdfsubtitleheight=\skip131
\mdfsubsubtitleheight=\skip132
\c@mdfcountframes=\count315

****** mdframed patching \endmdf@trivlist

****** -- success******

\mdf@envdepth=\count316
\c@mdf@env@i=\count317
\c@mdf@env@ii=\count318
\c@mdf@zref@counter=\count319
Package zref Info: New property: mdf@pagevalue on input line 895.
)
(C:\Users\MartenKirschenhofer\AppData\Local\Programs\MiKTeX\tex/latex/acronym\a
cronym.sty
Package: acronym 2025/01/17 v1.50 Support for acronyms (Tobias Oetiker)

(C:\Users\MartenKirschenhofer\AppData\Local\Programs\MiKTeX\tex/latex/bigfoot\s
uffix.sty
Package: suffix 2006/07/15 1.5a Variant command support
<<<<<<< HEAD
)
(C:\Users\MartenKirschenhofer\AppData\Local\Programs\MiKTeX\tex/latex/xstring\x
string.sty
(C:\Users\MartenKirschenhofer\AppData\Local\Programs\MiKTeX\tex/generic/xstring
\xstring.tex
=======
) (/usr/share/texlive/texmf-dist/tex/generic/xstring/xstring.sty (/usr/share/texlive/texmf-dist/tex/generic/xstring/xstring.tex
>>>>>>> 82e002eec67f925c0df4b4f54fa62a8404ac3abc
\xs_counta=\count320
\xs_countb=\count321
)
Package: xstring 2023/08/22 v1.86 String manipulations (CT)
)
\AC@clearlist=\toks31
<<<<<<< HEAD
)
(C:\Users\MartenKirschenhofer\AppData\Local\Programs\MiKTeX\tex/latex/algorithm
s\algorithm.sty
Package: algorithm 2009/08/24 v0.1 Document Style `algorithm' - floating enviro
nment

(C:\Users\MartenKirschenhofer\AppData\Local\Programs\MiKTeX\tex/latex/float\flo
at.sty
=======
) (/usr/share/texlive/texmf-dist/tex/latex/algorithms/algorithm.sty
Package: algorithm 2009/08/24 v0.1 Document Style `algorithm' - floating environment
 (/usr/share/texlive/texmf-dist/tex/latex/float/float.sty
>>>>>>> 82e002eec67f925c0df4b4f54fa62a8404ac3abc
Package: float 2001/11/08 v1.3d Float enhancements (AL)
\c@float@type=\count322
\float@exts=\toks32
\float@box=\box71
\@float@everytoks=\toks33
\@floatcapt=\box72
<<<<<<< HEAD
)
(C:\Users\MartenKirschenhofer\AppData\Local\Programs\MiKTeX\tex/latex/base\ifth
en.sty
=======
) (/usr/share/texlive/texmf-dist/tex/latex/base/ifthen.sty
>>>>>>> 82e002eec67f925c0df4b4f54fa62a8404ac3abc
Package: ifthen 2024/03/16 v1.1e Standard LaTeX ifthen package (DPC)
)
\@float@every@algorithm=\toks34
\c@algorithm=\count323
<<<<<<< HEAD
)
(C:\Users\MartenKirschenhofer\AppData\Local\Programs\MiKTeX\tex/latex/algorithm
icx\algpseudocode.sty
=======
) (/usr/share/texlive/texmf-dist/tex/latex/algorithmicx/algpseudocode.sty
>>>>>>> 82e002eec67f925c0df4b4f54fa62a8404ac3abc
Package: algpseudocode 

(C:\Users\MartenKirschenhofer\AppData\Local\Programs\MiKTeX\tex/latex/algorithm
icx\algorithmicx.sty
Package: algorithmicx 2005/04/27 v1.2 Algorithmicx

Document Style algorithmicx 1.2 - a greatly improved `algorithmic' style
\c@ALG@line=\count324
\c@ALG@rem=\count325
\c@ALG@nested=\count326
\ALG@tlm=\skip133
\ALG@thistlm=\skip134
\c@ALG@Lnr=\count327
\c@ALG@blocknr=\count328
\c@ALG@storecount=\count329
\c@ALG@tmpcounter=\count330
\ALG@tmplength=\skip135
)
Document Style - pseudocode environments for use with the `algorithmicx' style
)
(C:\Users\MartenKirschenhofer\AppData\Local\Programs\MiKTeX\tex/latex/amsmath\a
msmath.sty
Package: amsmath 2025/07/09 v2.17z AMS math features
\@mathmargin=\skip136

For additional information on amsmath, use the `?' option.

(C:\Users\MartenKirschenhofer\AppData\Local\Programs\MiKTeX\tex/latex/amsmath\a
mstext.sty
Package: amstext 2024/11/17 v2.01 AMS text

(C:\Users\MartenKirschenhofer\AppData\Local\Programs\MiKTeX\tex/latex/amsmath\a
msgen.sty
File: amsgen.sty 1999/11/30 v2.0 generic functions
\@emptytoks=\toks35
\ex@=\dimen266
<<<<<<< HEAD
))
(C:\Users\MartenKirschenhofer\AppData\Local\Programs\MiKTeX\tex/latex/amsmath\a
msbsy.sty
Package: amsbsy 1999/11/29 v1.2d Bold Symbols
\pmbraise@=\dimen267
)
(C:\Users\MartenKirschenhofer\AppData\Local\Programs\MiKTeX\tex/latex/amsmath\a
msopn.sty
=======
)) (/usr/share/texlive/texmf-dist/tex/latex/amsmath/amsbsy.sty
Package: amsbsy 1999/11/29 v1.2d Bold Symbols
\pmbraise@=\dimen267
) (/usr/share/texlive/texmf-dist/tex/latex/amsmath/amsopn.sty
>>>>>>> 82e002eec67f925c0df4b4f54fa62a8404ac3abc
Package: amsopn 2022/04/08 v2.04 operator names
)
\inf@bad=\count331
LaTeX Info: Redefining \frac on input line 233.
\uproot@=\count332
\leftroot@=\count333
LaTeX Info: Redefining \overline on input line 398.
LaTeX Info: Redefining \colon on input line 409.
\classnum@=\count334
\DOTSCASE@=\count335
LaTeX Info: Redefining \ldots on input line 495.
LaTeX Info: Redefining \dots on input line 498.
LaTeX Info: Redefining \cdots on input line 619.
\Mathstrutbox@=\box73
\strutbox@=\box74
LaTeX Info: Redefining \big on input line 721.
LaTeX Info: Redefining \Big on input line 722.
LaTeX Info: Redefining \bigg on input line 723.
LaTeX Info: Redefining \Bigg on input line 724.
\big@size=\dimen268
LaTeX Font Info:    Redeclaring font encoding OML on input line 742.
LaTeX Font Info:    Redeclaring font encoding OMS on input line 743.
\macc@depth=\count336
LaTeX Info: Redefining \bmod on input line 904.
LaTeX Info: Redefining \pmod on input line 909.
LaTeX Info: Redefining \smash on input line 939.
LaTeX Info: Redefining \relbar on input line 969.
LaTeX Info: Redefining \Relbar on input line 970.
\c@MaxMatrixCols=\count337
\dotsspace@=\muskip17
\c@parentequation=\count338
\dspbrk@lvl=\count339
\tag@help=\toks36
\row@=\count340
\column@=\count341
\maxfields@=\count342
\andhelp@=\toks37
\eqnshift@=\dimen269
\alignsep@=\dimen270
\tagshift@=\dimen271
\tagwidth@=\dimen272
\totwidth@=\dimen273
\lineht@=\dimen274
\@envbody=\toks38
\multlinegap=\skip137
\multlinetaggap=\skip138
\mathdisplay@stack=\toks39
LaTeX Info: Redefining \[ on input line 2950.
LaTeX Info: Redefining \] on input line 2951.
)
(C:\Users\MartenKirschenhofer\AppData\Local\Programs\MiKTeX\tex/latex/amsfonts\
amssymb.sty
Package: amssymb 2013/01/14 v3.01 AMS font symbols

(C:\Users\MartenKirschenhofer\AppData\Local\Programs\MiKTeX\tex/latex/amsfonts\
amsfonts.sty
Package: amsfonts 2013/01/14 v3.01 Basic AMSFonts support
\symAMSa=\mathgroup4
\symAMSb=\mathgroup5
LaTeX Font Info:    Redeclaring math symbol \hbar on input line 98.
LaTeX Font Info:    Overwriting math alphabet `\mathfrak' in version `bold'
(Font)                  U/euf/m/n --> U/euf/b/n on input line 106.
))
(C:\Users\MartenKirschenhofer\AppData\Local\Programs\MiKTeX\tex/latex/amscls\am
sthm.sty
Package: amsthm 2020/05/29 v2.20.6
\thm@style=\toks40
\thm@bodyfont=\toks41
\thm@headfont=\toks42
\thm@notefont=\toks43
\thm@headpunct=\toks44
\thm@preskip=\skip139
\thm@postskip=\skip140
\thm@headsep=\skip141
\dth@everypar=\toks45
<<<<<<< HEAD
)
(C:\Users\MartenKirschenhofer\AppData\Local\Programs\MiKTeX\tex/latex/xpatch\xp
atch.sty
=======
) (/usr/share/texlive/texmf-dist/tex/latex/xpatch/xpatch.sty
>>>>>>> 82e002eec67f925c0df4b4f54fa62a8404ac3abc
Package: xpatch 2020/03/25 v0.3a Extending etoolbox patching commands
)
Class scrbook Info: amsthm's \deferred@thm@head patched.

(C:\Users\MartenKirschenhofer\AppData\Local\Programs\MiKTeX\tex/latex/booktabs\
booktabs.sty
Package: booktabs 2020/01/12 v1.61803398 Publication quality tables
\heavyrulewidth=\dimen275
\lightrulewidth=\dimen276
\cmidrulewidth=\dimen277
\belowrulesep=\dimen278
\belowbottomsep=\dimen279
\aboverulesep=\dimen280
\abovetopsep=\dimen281
\cmidrulesep=\dimen282
\cmidrulekern=\dimen283
\defaultaddspace=\dimen284
\@cmidla=\count343
\@cmidlb=\count344
\@aboverulesep=\dimen285
\@belowrulesep=\dimen286
\@thisruleclass=\count345
\@lastruleclass=\count346
\@thisrulewidth=\dimen287
<<<<<<< HEAD
)
(C:\Users\MartenKirschenhofer\AppData\Local\Programs\MiKTeX\tex/latex/tools\cal
c.sty
=======
) (/usr/share/texlive/texmf-dist/tex/latex/tools/calc.sty
>>>>>>> 82e002eec67f925c0df4b4f54fa62a8404ac3abc
Package: calc 2025/03/01 v4.3b Infix arithmetic (KKT,FJ)
\calc@Acount=\count347
\calc@Bcount=\count348
\calc@Adimen=\dimen288
\calc@Bdimen=\dimen289
\calc@Askip=\skip142
\calc@Bskip=\skip143
LaTeX Info: Redefining \setlength on input line 86.
LaTeX Info: Redefining \addtolength on input line 87.
\calc@Ccount=\count349
\calc@Cskip=\skip144
)
(C:\Users\MartenKirschenhofer\AppData\Local\Programs\MiKTeX\tex/latex/caption\c
aption.sty
Package: caption 2023/08/05 v3.6o Customizing captions (AR)

Package tocbasic Info: Loading of class-dependent code for package caption3
(tocbasic)             prevented on line 50.


(C:\Users\MartenKirschenhofer\AppData\Local\Programs\MiKTeX\tex/latex/caption\c
aption3.sty
Package: caption3 2023/07/31 v2.4d caption3 kernel (AR)
\caption@tempdima=\dimen290
\captionmargin=\dimen291
\caption@leftmargin=\dimen292
\caption@rightmargin=\dimen293
\caption@width=\dimen294
\caption@indent=\dimen295
\caption@parindent=\dimen296
\caption@hangindent=\dimen297
)
\c@caption@flags=\count350
\c@continuedfloat=\count351
Package caption Info: float package is loaded.
)
(C:\Users\MartenKirschenhofer\AppData\Local\Programs\MiKTeX\tex/latex/eurosym\e
urosym.sty
Package: eurosym 1998/08/06 v1.1 European currency symbol ``Euro''
\@eurobox=\box75
<<<<<<< HEAD
)
(C:\Users\MartenKirschenhofer\AppData\Local\Programs\MiKTeX\tex/latex/base\font
enc.sty
=======
) (/usr/share/texlive/texmf-dist/tex/latex/base/fontenc.sty
>>>>>>> 82e002eec67f925c0df4b4f54fa62a8404ac3abc
Package: fontenc 2025/07/18 v2.1d Standard LaTeX package
)
(C:\Users\MartenKirschenhofer\AppData\Local\Programs\MiKTeX\tex/latex/mdwtools\
footnote.sty
Package: footnote 1997/01/28 1.13 Save footnotes around boxes
\fn@notes=\box76
\fn@width=\dimen298
<<<<<<< HEAD
)
(C:\Users\MartenKirschenhofer\AppData\Local\Programs\MiKTeX\tex/latex/geometry\
geometry.sty
=======
) (/usr/share/texlive/texmf-dist/tex/latex/geometry/geometry.sty
>>>>>>> 82e002eec67f925c0df4b4f54fa62a8404ac3abc
Package: geometry 2026/03/07 v6.0 Page Geometry

(C:\Users\MartenKirschenhofer\AppData\Local\Programs\MiKTeX\tex/generic/iftex\i
fvtex.sty
Package: ifvtex 2019/10/25 v1.7 ifvtex legacy package. Use iftex instead.
)
\Gm@cnth=\count352
\Gm@cntv=\count353
\c@Gm@tempcnt=\count354
\Gm@bindingoffset=\dimen299
\Gm@wd@mp=\dimen300
\Gm@odd@mp=\dimen301
\Gm@even@mp=\dimen302
\Gm@layoutwidth=\dimen303
\Gm@layoutheight=\dimen304
\Gm@layouthoffset=\dimen305
\Gm@layoutvoffset=\dimen306
\Gm@dimlist=\toks46
<<<<<<< HEAD

(C:\Users\MartenKirschenhofer\AppData\Local\Programs\MiKTeX\tex/latex/geometry\
geometry.cfg))
(C:\Users\MartenKirschenhofer\AppData\Local\Programs\MiKTeX\tex/latex/hyperref\
hyperref.sty
=======
) (/usr/share/texlive/texmf-dist/tex/latex/hyperref/hyperref.sty
>>>>>>> 82e002eec67f925c0df4b4f54fa62a8404ac3abc
Package: hyperref 2026-04-24 v7.01q Hypertext links for LaTeX

(C:\Users\MartenKirschenhofer\AppData\Local\Programs\MiKTeX\tex/generic/pdfesca
pe\pdfescape.sty
Package: pdfescape 2019/12/09 v1.15 Implements pdfTeX's escape features (HO)
)
(C:\Users\MartenKirschenhofer\AppData\Local\Programs\MiKTeX\tex/latex/hycolor\h
ycolor.sty
Package: hycolor 2020-01-27 v1.10 Color options for hyperref/bookmark (HO)
)
(C:\Users\MartenKirschenhofer\AppData\Local\Programs\MiKTeX\tex/latex/hyperref\
nameref.sty
Package: nameref 2026-01-29 v2.58 Cross-referencing by name of section

(C:\Users\MartenKirschenhofer\AppData\Local\Programs\MiKTeX\tex/latex/refcount\
refcount.sty
Package: refcount 2019/12/15 v3.6 Data extraction from label references (HO)
)
(C:\Users\MartenKirschenhofer\AppData\Local\Programs\MiKTeX\tex/generic/gettitl
estring\gettitlestring.sty
Package: gettitlestring 2019/12/15 v1.6 Cleanup title references (HO)
)
\c@section@level=\count355
<<<<<<< HEAD
)
(C:\Users\MartenKirschenhofer\AppData\Local\Programs\MiKTeX\tex/generic/stringe
nc\stringenc.sty
Package: stringenc 2019/11/29 v1.12 Convert strings between diff. encodings (HO
)
)
\@linkdim=\dimen307
\Hy@linkcounter=\count356
\Hy@pagecounter=\count357

(C:\Users\MartenKirschenhofer\AppData\Local\Programs\MiKTeX\tex/latex/hyperref\
pd1enc.def
=======
) (/usr/share/texlive/texmf-dist/tex/generic/stringenc/stringenc.sty
Package: stringenc 2019/11/29 v1.12 Convert strings between diff. encodings (HO)
)
\@linkdim=\dimen307
\Hy@linkcounter=\count356
\Hy@pagecounter=\count357
 (/usr/share/texlive/texmf-dist/tex/latex/hyperref/pd1enc.def
>>>>>>> 82e002eec67f925c0df4b4f54fa62a8404ac3abc
File: pd1enc.def 2026-04-24 v7.01q Hyperref: PDFDocEncoding definition (HO)
Now handling font encoding PD1 ...
... no UTF-8 mapping file for font encoding PD1
)
(C:\Users\MartenKirschenhofer\AppData\Local\Programs\MiKTeX\tex/generic/intcalc
\intcalc.sty
Package: intcalc 2019/12/15 v1.3 Expandable calculations with integers (HO)
)
\Hy@SavedSpaceFactor=\count358
<<<<<<< HEAD

(C:\Users\MartenKirschenhofer\AppData\Local\Programs\MiKTeX\tex/latex/hyperref\
puenc.def
=======
 (/usr/share/texlive/texmf-dist/tex/latex/hyperref/puenc.def
>>>>>>> 82e002eec67f925c0df4b4f54fa62a8404ac3abc
File: puenc.def 2026-04-24 v7.01q Hyperref: PDF Unicode definition (HO)
Now handling font encoding PU ...
... no UTF-8 mapping file for font encoding PU
)
Package hyperref Info: Option `colorlinks' set `false' on input line 4070.
Package hyperref Info: Hyper figures OFF on input line 4199.
Package hyperref Info: Link nesting OFF on input line 4204.
Package hyperref Info: Hyper index ON on input line 4207.
Package hyperref Info: Plain pages OFF on input line 4214.
Package hyperref Info: Backreferencing OFF on input line 4219.
Package hyperref Info: Implicit mode ON; LaTeX internals redefined.
Package hyperref Info: Bookmarks ON on input line 4466.
\c@Hy@tempcnt=\count359
<<<<<<< HEAD

(C:\Users\MartenKirschenhofer\AppData\Local\Programs\MiKTeX\tex/latex/url\url.s
ty
=======
 (/usr/share/texlive/texmf-dist/tex/latex/url/url.sty
>>>>>>> 82e002eec67f925c0df4b4f54fa62a8404ac3abc
\Urlmuskip=\muskip18
Package: url 2013/09/16  ver 3.4  Verb mode for urls, etc.
)
LaTeX Info: Redefining \url on input line 4805.
\XeTeXLinkMargin=\dimen308
<<<<<<< HEAD

(C:\Users\MartenKirschenhofer\AppData\Local\Programs\MiKTeX\tex/generic/bitset\
bitset.sty
=======
 (/usr/share/texlive/texmf-dist/tex/generic/bitset/bitset.sty
>>>>>>> 82e002eec67f925c0df4b4f54fa62a8404ac3abc
Package: bitset 2019/12/09 v1.3 Handle bit-vector datatype (HO)

(C:\Users\MartenKirschenhofer\AppData\Local\Programs\MiKTeX\tex/generic/bigintc
alc\bigintcalc.sty
Package: bigintcalc 2019/12/15 v1.5 Expandable calculations on big integers (HO
)
))
\Fld@menulength=\count360
\Field@Width=\dimen309
\Fld@charsize=\dimen310
Package hyperref Info: Hyper figures OFF on input line 6091.
Package hyperref Info: Link nesting OFF on input line 6096.
Package hyperref Info: Hyper index ON on input line 6099.
Package hyperref Info: backreferencing OFF on input line 6106.
Package hyperref Info: Link coloring OFF on input line 6111.
Package hyperref Info: Link coloring with OCG OFF on input line 6116.
Package hyperref Info: PDF/A mode OFF on input line 6121.
\Hy@abspage=\count361
\c@Item=\count362
\c@Hfootnote=\count363
)
Package hyperref Info: Driver (autodetected): hpdftex.

(C:\Users\MartenKirschenhofer\AppData\Local\Programs\MiKTeX\tex/latex/hyperref\
hpdftex.def
File: hpdftex.def 2026-04-24 v7.01q Hyperref driver for pdfTeX
\HyAnn@Count=\count364
\Fld@listcount=\count365
\c@bookmark@seq@number=\count366
<<<<<<< HEAD

(C:\Users\MartenKirschenhofer\AppData\Local\Programs\MiKTeX\tex/latex/rerunfile
check\rerunfilecheck.sty
=======
 (/usr/share/texlive/texmf-dist/tex/latex/rerunfilecheck/rerunfilecheck.sty
>>>>>>> 82e002eec67f925c0df4b4f54fa62a8404ac3abc
Package: rerunfilecheck 2025-06-21 v1.11 Rerun checks for auxiliary files (HO)

(C:\Users\MartenKirschenhofer\AppData\Local\Programs\MiKTeX\tex/generic/uniquec
ounter\uniquecounter.sty
Package: uniquecounter 2019/12/15 v1.4 Provide unlimited unique counter (HO)
)
Package uniquecounter Info: New unique counter `rerunfilecheck' on input line 2
84.
)
\Hy@SectionHShift=\skip145
)
(C:\Users\MartenKirschenhofer\AppData\Local\Programs\MiKTeX\tex/latex/hyphenat\
hyphenat.sty
Package: hyphenat 2009/09/02 v2.3c hyphenation utilities
\langwohyphens=\language79
LaTeX Info: Redefining \_ on input line 43.
)
(C:\Users\MartenKirschenhofer\AppData\Local\Programs\MiKTeX\tex/generic/iftex\i
fpdf.sty
Package: ifpdf 2019/10/25 v3.4 ifpdf legacy package. Use iftex instead.
)
(C:\Users\MartenKirschenhofer\AppData\Local\Programs\MiKTeX\tex/latex/base\inpu
tenc.sty
Package: inputenc 2024/02/08 v1.3d Input encoding file
\inpenc@prehook=\toks47
\inpenc@posthook=\toks48
<<<<<<< HEAD
)
(C:\Users\MartenKirschenhofer\AppData\Local\Programs\MiKTeX\tex/latex/listings\
listings.sty
=======
) (/usr/share/texlive/texmf-dist/tex/latex/listings/listings.sty
>>>>>>> 82e002eec67f925c0df4b4f54fa62a8404ac3abc
\lst@mode=\count367
\lst@gtempboxa=\box77
\lst@token=\toks49
\lst@length=\count368
\lst@currlwidth=\dimen311
\lst@column=\count369
\lst@pos=\count370
\lst@lostspace=\dimen312
\lst@width=\dimen313
\lst@newlines=\count371
\lst@lineno=\count372
\lst@maxwidth=\dimen314
<<<<<<< HEAD

(C:\Users\MartenKirschenhofer\AppData\Local\Programs\MiKTeX\tex/latex/listings\
lstpatch.sty
=======
 (/usr/share/texlive/texmf-dist/tex/latex/listings/lstpatch.sty
>>>>>>> 82e002eec67f925c0df4b4f54fa62a8404ac3abc
File: lstpatch.sty 2025/11/14 1.11b (Carsten Heinz)
)
(C:\Users\MartenKirschenhofer\AppData\Local\Programs\MiKTeX\tex/latex/listings\
lstmisc.sty
File: lstmisc.sty 2025/11/14 1.11b (Carsten Heinz)
\c@lstnumber=\count373
\lst@skipnumbers=\count374
\lst@framebox=\box78
<<<<<<< HEAD
)
(C:\Users\MartenKirschenhofer\AppData\Local\Programs\MiKTeX\tex/latex/listings\
listings.cfg
=======
) (/usr/share/texlive/texmf-dist/tex/latex/listings/listings.cfg
>>>>>>> 82e002eec67f925c0df4b4f54fa62a8404ac3abc
File: listings.cfg 2025/11/14 1.11b listings configuration
))
Package: listings 2025/11/14 1.11b (Carsten Heinz)

==> First Aid for listings.sty no longer applied!
    Expected:
        2024/09/23 1.10c (Carsten Heinz)
    but found:
        2025/11/14 1.11b (Carsten Heinz)
    so I'm assuming it got fixed.

(C:\Users\MartenKirschenhofer\AppData\Local\Programs\MiKTeX\tex/latex/lm\lmoder
n.sty
Package: lmodern 2015/05/01 v1.6.1 Latin Modern Fonts
LaTeX Font Info:    Overwriting symbol font `operators' in version `normal'
(Font)                  OT1/cmr/m/n --> OT1/lmr/m/n on input line 22.
LaTeX Font Info:    Overwriting symbol font `letters' in version `normal'
(Font)                  OML/cmm/m/it --> OML/lmm/m/it on input line 23.
LaTeX Font Info:    Overwriting symbol font `symbols' in version `normal'
(Font)                  OMS/cmsy/m/n --> OMS/lmsy/m/n on input line 24.
LaTeX Font Info:    Overwriting symbol font `largesymbols' in version `normal'
(Font)                  OMX/cmex/m/n --> OMX/lmex/m/n on input line 25.
LaTeX Font Info:    Overwriting symbol font `operators' in version `bold'
(Font)                  OT1/cmr/bx/n --> OT1/lmr/bx/n on input line 26.
LaTeX Font Info:    Overwriting symbol font `letters' in version `bold'
(Font)                  OML/cmm/b/it --> OML/lmm/b/it on input line 27.
LaTeX Font Info:    Overwriting symbol font `symbols' in version `bold'
(Font)                  OMS/cmsy/b/n --> OMS/lmsy/b/n on input line 28.
LaTeX Font Info:    Overwriting symbol font `largesymbols' in version `bold'
(Font)                  OMX/cmex/m/n --> OMX/lmex/m/n on input line 29.
LaTeX Font Info:    Overwriting math alphabet `\mathbf' in version `normal'
(Font)                  OT1/cmr/bx/n --> OT1/lmr/bx/n on input line 31.
LaTeX Font Info:    Overwriting math alphabet `\mathsf' in version `normal'
(Font)                  OT1/cmss/m/n --> OT1/lmss/m/n on input line 32.
LaTeX Font Info:    Overwriting math alphabet `\mathit' in version `normal'
(Font)                  OT1/cmr/m/it --> OT1/lmr/m/it on input line 33.
LaTeX Font Info:    Overwriting math alphabet `\mathtt' in version `normal'
(Font)                  OT1/cmtt/m/n --> OT1/lmtt/m/n on input line 34.
LaTeX Font Info:    Overwriting math alphabet `\mathbf' in version `bold'
(Font)                  OT1/cmr/bx/n --> OT1/lmr/bx/n on input line 35.
LaTeX Font Info:    Overwriting math alphabet `\mathsf' in version `bold'
(Font)                  OT1/cmss/bx/n --> OT1/lmss/bx/n on input line 36.
LaTeX Font Info:    Overwriting math alphabet `\mathit' in version `bold'
(Font)                  OT1/cmr/bx/it --> OT1/lmr/bx/it on input line 37.
LaTeX Font Info:    Overwriting math alphabet `\mathtt' in version `bold'
(Font)                  OT1/cmtt/m/n --> OT1/lmtt/m/n on input line 38.
)
(C:\Users\MartenKirschenhofer\AppData\Local\Programs\MiKTeX\tex/latex/multirow\
multirow.sty
Package: multirow 2024/11/12 v2.9 Span multiple rows of a table
\multirow@colwidth=\skip146
\multirow@cntb=\count375
\multirow@dima=\skip147
\bigstrutjot=\dimen315
<<<<<<< HEAD
)
(C:\Users\MartenKirschenhofer\AppData\Local\Programs\MiKTeX\tex/latex/natbib\na
tbib.sty
=======
) (/usr/share/texlive/texmf-dist/tex/latex/natbib/natbib.sty
>>>>>>> 82e002eec67f925c0df4b4f54fa62a8404ac3abc
Package: natbib 2010/09/13 8.31b (PWD, AO)
\bibhang=\skip148
\bibsep=\skip149
LaTeX Info: Redefining \cite on input line 694.
\c@NAT@ctr=\count376
<<<<<<< HEAD
)
(C:\Users\MartenKirschenhofer\AppData\Local\Programs\MiKTeX\tex/latex/nomencl\n
omencl.sty
Package: nomencl 2021/11/10 v5.6 Nomenclature package

(C:\Users\MartenKirschenhofer\AppData\Local\Programs\MiKTeX\tex/latex/xkeyval\x
keyval.sty
Package: xkeyval 2022/06/16 v2.9 package option processing (HA)

(C:\Users\MartenKirschenhofer\AppData\Local\Programs\MiKTeX\tex/generic/xkeyval
\xkeyval.tex
(C:\Users\MartenKirschenhofer\AppData\Local\Programs\MiKTeX\tex/generic/xkeyval
\xkvutils.tex
\XKV@toks=\toks50
\XKV@tempa@toks=\toks51
)
=======
) (/usr/share/texlive/texmf-dist/tex/latex/nomencl/nomencl.sty
Package: nomencl 2021/11/10 v5.6 Nomenclature package
 (/usr/share/texlive/texmf-dist/tex/latex/xkeyval/xkeyval.sty
Package: xkeyval 2025/11/04 v2.10 package option processing (HA)
 (/usr/share/texlive/texmf-dist/tex/generic/xkeyval/xkeyval.tex (/usr/share/texlive/texmf-dist/tex/generic/xkeyval/xkvutils.tex
\XKV@toks=\toks50
\XKV@tempa@toks=\toks51
\XKV@tempb@toks=\toks52
)
>>>>>>> 82e002eec67f925c0df4b4f54fa62a8404ac3abc
\XKV@depth=\count377
File: xkeyval.tex 2014/12/03 v2.7a key=value parser (HA)
))
Package tocbasic Info: omitting babel extension for `nlo'
(tocbasic)             because of missing \bbl@set@language on input line 187.
Package tocbasic Info: omitting babel extension for `nls'
(tocbasic)             because of missing \bbl@set@language on input line 188.
\nomlabelwidth=\dimen316
\nom@tempdim=\dimen317
\nomitemsep=\skip150
)
(C:\Users\MartenKirschenhofer\AppData\Local\Programs\MiKTeX\tex/latex/paralist\
paralist.sty
Package: paralist 2017/01/22 v2.7 Extended list environments
\pltopsep=\skip151
\plpartopsep=\skip152
\plitemsep=\skip153
\plparsep=\skip154
<<<<<<< HEAD
\pl@lab=\toks52
)
(C:\Users\MartenKirschenhofer\AppData\Local\Programs\MiKTeX\tex/latex/setspace\
setspace.sty
=======
\pl@lab=\toks53
) (/usr/share/texlive/texmf-dist/tex/latex/setspace/setspace.sty
>>>>>>> 82e002eec67f925c0df4b4f54fa62a8404ac3abc
Package: setspace 2022/12/04 v6.7b set line spacing
)
(C:\Users\MartenKirschenhofer\AppData\Local\Programs\MiKTeX\tex/latex/tools\xsp
ace.sty
Package: xspace 2014/10/28 v1.13 Space after command names (DPC,MH)
)
(C:\Users\MartenKirschenhofer\AppData\Local\Programs\MiKTeX\tex/latex/base\shor
tvrb.sty
Package: shortvrb 2024/12/25 v3.0q Standard LaTeX documentation package V3 (FMi
)
)
(C:\Users\MartenKirschenhofer\AppData\Local\Programs\MiKTeX\tex/latex/tools\tab
ularx.sty
Package: tabularx 2023/12/11 v2.12a `tabularx' package (DPC)

<<<<<<< HEAD
(C:\Users\MartenKirschenhofer\AppData\Local\Programs\MiKTeX\tex/latex/tools\arr
ay.sty
Package: array 2025/09/25 v2.6n Tabular extension package (FMi)
\col@sep=\dimen318
\ar@mcellbox=\box79
\extrarowheight=\dimen319
\NC@list=\toks53
=======
LaTeX Warning: You have requested release `2026/06/01' of LaTeX,
               but only release `2025-11-01' is available.

Package: array 2026/01/25 v2.7a Tabular extension package (FMi)
\col@sep=\dimen318
\ar@mcellbox=\box79
\extrarowheight=\dimen319
\NC@list=\toks54
>>>>>>> 82e002eec67f925c0df4b4f54fa62a8404ac3abc
\extratabsurround=\skip155
\backup@length=\skip156
\ar@cellbox=\box80
)
\TX@col@width=\dimen320
\TX@old@table=\dimen321
\TX@old@col=\dimen322
\TX@target=\dimen323
\TX@delta=\dimen324
\TX@cols=\count378
<<<<<<< HEAD
\TX@ftn=\toks54
)
(C:\Users\MartenKirschenhofer\AppData\Local\Programs\MiKTeX\tex/latex/base\text
comp.sty
Package: textcomp 2024/04/24 v2.1b Standard LaTeX package
)
(C:\Users\MartenKirschenhofer\AppData\Local\Programs\MiKTeX\tex/latex/colortbl\
colortbl.sty
Package: colortbl 2026/05/01 v1.0l Color table columns (DPC)
\everycr=\toks55
\minrowclearance=\skip157
\rownum=\count379
)
(C:\Users\MartenKirschenhofer\AppData\Local\Programs\MiKTeX\tex/latex/xtab\xtab
.sty
=======
\TX@ftn=\toks55
) (/usr/share/texlive/texmf-dist/tex/latex/base/textcomp.sty
Package: textcomp 2024/04/24 v2.1b Standard LaTeX package
) (/usr/share/texlive/texmf-dist/tex/latex/colortbl/colortbl.sty
Package: colortbl 2024/10/29 v1.0k Color table columns (DPC)
\everycr=\toks56
\minrowclearance=\skip157
\rownum=\count379
) (/usr/share/texlive/texmf-dist/tex/latex/xtab/xtab.sty
>>>>>>> 82e002eec67f925c0df4b4f54fa62a8404ac3abc
Package: xtab 2011/07/31 v2.3f Extended supertabular package
\c@tracingst=\count380
\PWSTcapht=\dimen325
\ST@wd=\dimen326
\ST@rightskip=\skip158
\ST@leftskip=\skip159
\ST@parfillskip=\skip160
\c@PWSTtable=\count381
\PWSTlastpage=\count382
\PWSTpenultimate=\count383
\PWSTcurpage=\count384
\PWSTtempc=\count385
\PWSTlines=\count386
\PWST@lastht=\dimen327
\PWST@generalht=\dimen328
\PWST@ht=\dimen329
\ST@pageleft=\dimen330
\ST@headht=\dimen331
\ST@tailht=\dimen332
\ST@pagesofar=\dimen333
\ST@pboxht=\dimen334
\ST@lineht=\dimen335
\ST@stretchht=\dimen336
\ST@prevht=\dimen337
\ST@toadd=\dimen338
\ST@dimen=\dimen339
\ST@pbox=\box81
<<<<<<< HEAD
)
(C:\Users\MartenKirschenhofer\AppData\Local\Programs\MiKTeX\tex/generic/babel\b
abel.sty
Package: babel 2026/04/15 v26.6 The multilingual framework for LuaLaTeX, pdfLaT
eX and XeLaTeX
\babel@savecnt=\count387
LaTeX Encoding Info:    Redeclaring text command \ij (encoding OT1) on input li
ne 2078.
LaTeX Encoding Info:    Redeclaring text command \IJ (encoding OT1) on input li
ne 2080.
LaTeX Encoding Info:    Redeclaring text command \ij (encoding T1) on input lin
e 2082.
LaTeX Encoding Info:    Redeclaring text command \IJ (encoding T1) on input lin
e 2083.
LaTeX Encoding Info:    Ignoring declaration for text command \ij (encoding ?) 
on input line 2084.
LaTeX Encoding Info:    Ignoring declaration for text command \IJ (encoding ?) 
on input line 2086.
LaTeX Encoding Info:    Ignoring declaration for text command \SS (encoding ?) 
on input line 2111.
\U@D=\dimen340
\l@unhyphenated=\language80

(C:\Users\MartenKirschenhofer\AppData\Local\Programs\MiKTeX\tex/generic/babel\t
xtbabel.def)
\bbl@readstream=\read3
\bbl@dirlevel=\count388
Package babel Info: Configuration files are deprecated, as
(babel)             they can break document portability.
(babel)             Reported on input line 4206.

*************************************
* Local config file bblopts.cfg used
*

(C:\Users\MartenKirschenhofer\AppData\Local\Programs\MiKTeX\tex/latex/arabi\bbl
opts.cfg
File: bblopts.cfg 2005/09/08 v0.1 add Arabic and Farsi to "declared" options of
 babel
)
(C:\Users\MartenKirschenhofer\AppData\Local\Programs\MiKTeX\tex/generic/babel/l
ocale/invalid\babel-ngerman.tex)
(C:\Users\MartenKirschenhofer\AppData\Local\Programs\MiKTeX\tex/generic/babel/l
ocale/en\babel-english.tex)
(C:\Users\MartenKirschenhofer\AppData\Local\Programs\MiKTeX\tex/generic/babel/l
ocale/de\babel-german.tex)
=======
) (/usr/share/texlive/texmf-dist/tex/generic/babel/babel.sty
Package: babel 2026/04/15 v26.6 The multilingual framework for LuaLaTeX, pdfLaTeX and XeLaTeX
\babel@savecnt=\count387
LaTeX Encoding Info:    Redeclaring text command \ij (encoding OT1) on input line 2078.
LaTeX Encoding Info:    Redeclaring text command \IJ (encoding OT1) on input line 2080.
LaTeX Encoding Info:    Redeclaring text command \ij (encoding T1) on input line 2082.
LaTeX Encoding Info:    Redeclaring text command \IJ (encoding T1) on input line 2083.
LaTeX Encoding Info:    Ignoring declaration for text command \ij (encoding ?) on input line 2084.
LaTeX Encoding Info:    Ignoring declaration for text command \IJ (encoding ?) on input line 2086.
LaTeX Encoding Info:    Ignoring declaration for text command \SS (encoding ?) on input line 2111.
\U@D=\dimen340
\l@unhyphenated=\language90
 (/usr/share/texlive/texmf-dist/tex/generic/babel/txtbabel.def)
\bbl@readstream=\read3
\bbl@dirlevel=\count388
 (/usr/share/texlive/texmf-dist/tex/generic/babel/locale/invalid/babel-ngerman.tex) (/usr/share/texlive/texmf-dist/tex/generic/babel/locale/en/babel-english.tex) (/usr/share/texlive/texmf-dist/tex/generic/babel/locale/de/babel-german.tex)
>>>>>>> 82e002eec67f925c0df4b4f54fa62a8404ac3abc
Package babel Info: Importing font and identification data for ngerman
(babel)             from babel-de.ini. Reported on input line 4330.

(C:\Users\MartenKirschenhofer\AppData\Local\Programs\MiKTeX\tex/latex/babel-ger
man\ngerman.ldf
Language: ngerman 

(C:\Users\MartenKirschenhofer\AppData\Local\Programs\MiKTeX\tex/latex/babel-ger
man\babel-german.def
Package babel Info: Making " an active character on input line 500.
))
Package babel Info: Importing font and identification data for english
(babel)             from babel-en.ini. Reported on input line 4330.

(C:\Users\MartenKirschenhofer\AppData\Local\Programs\MiKTeX\tex/latex/babel-eng
lish\english.ldf
Language: english 2017/06/06 v3.3r English support from the babel system
Package babel Info: Hyphen rules for 'canadian' set to \l@english
(babel)             (\language0). Reported on input line 102.
Package babel Info: Hyphen rules for 'australian' set to \l@ukenglish
(babel)             (\language73). Reported on input line 105.
Package babel Info: Hyphen rules for 'newzealand' set to \l@ukenglish
(babel)             (\language73). Reported on input line 108.
)
Package babel Info: Importing font and identification data for german
(babel)             from babel-de-1901.ini. Reported on input line 4330.

(C:\Users\MartenKirschenhofer\AppData\Local\Programs\MiKTeX\tex/latex/babel-ger
man\german.ldf
Language: german 
<<<<<<< HEAD

(C:\Users\MartenKirschenhofer\AppData\Local\Programs\MiKTeX\tex/latex/babel-ger
man\babel-german.def)))
(C:\Users\MartenKirschenhofer\AppData\Local\Programs\MiKTeX\tex/latex/pgf-pie\p
gf-pie.sty
Package: pgf-pie 2022/06/14 v0.7 Some LaTeX macros for pie chart by using PGF/T
ikz package.

(C:\Users\MartenKirschenhofer\AppData\Local\Programs\MiKTeX\tex/latex/pgf-pie\t
ikzlibrarypie.code.tex
(C:\Users\MartenKirschenhofer\AppData\Local\Programs\MiKTeX\tex/latex/carlisle\
scalefnt.sty)
=======
 (/usr/share/texlive/texmf-dist/tex/generic/babel-german/babel-german.def))) (/usr/share/texlive/texmf-dist/tex/latex/pgf-pie/pgf-pie.sty
Package: pgf-pie 2022/06/14 v0.7 Some LaTeX macros for pie chart by using PGF/Tikz package.
 (/usr/share/texlive/texmf-dist/tex/latex/pgf-pie/tikzlibrarypie.code.tex (/usr/share/texlive/texmf-dist/tex/latex/carlisle/scalefnt.sty)
>>>>>>> 82e002eec67f925c0df4b4f54fa62a8404ac3abc
\pgfpie@angleEnd=\dimen341
\pgfpie@explodeLength=\count389
\pgfpie@colorLength=\count390
\pgfpie@sliceLength=\count391
))
(C:\Users\MartenKirschenhofer\AppData\Local\Programs\MiKTeX\tex/latex/pst-uml\p
st-uml.sty
Package: pst-uml 2007/01/03 v0.83 - diam@ensta.fr

   But : Quelques macros pstricks pour diagrammes UML.

(C:\Users\MartenKirschenhofer\AppData\Local\Programs\MiKTeX\tex/latex/pstricks\
pstricks.sty
Package: pstricks 2024/02/02 v0.75 LaTeX wrapper for `PSTricks' (RN,HV)

(C:\Users\MartenKirschenhofer\AppData\Local\Programs\MiKTeX\tex/generic/xkeyval
\pst-xkey.tex
File: pst-xkey.tex 2005/11/25 v1.6 PSTricks specialization of xkeyval (HA)
)
(C:\Users\MartenKirschenhofer\AppData\Local\Programs\MiKTeX\tex/generic/pstrick
s\pstricks.tex
(C:\Users\MartenKirschenhofer\AppData\Local\Programs\MiKTeX\tex/generic/pstrick
s\pst-fp.tex `pst-fp' v0.06, 2020/11/20 (hv)
\pstFP@xs=\count392
\pstFP@xia=\count393
\pstFP@xib=\count394
\pstFP@xfa=\count395
\pstFP@xfb=\count396
\pstFP@rega=\count397
\pstFP@regb=\count398
\pstFP@regs=\count399
\pstFP@times=\count400
)
\psLoopIndex=\count401

`PSTricks' v3.22A  <2025/12/13> (tvz,hv)
\pst@dima=\dimen342
\pst@dimb=\dimen343
\pst@dimc=\dimen344
\pst@dimd=\dimen345
\pst@dimg=\dimen346
\pst@dimh=\dimen347
\pst@dimm=\dimen348
\pst@dimn=\dimen349
\pst@dimo=\dimen350
\pst@dimp=\dimen351
\pst@hbox=\box82
\pst@ibox=\box83
\pst@boxg=\box84
\pst@cnta=\count402
\pst@cntb=\count403
\pst@cntc=\count404
\pst@cntd=\count405
\pst@cntg=\count406
\pst@cnth=\count407
\pst@cntm=\count408
\pst@cntn=\count409
\pst@cnto=\count410
\pst@cntp=\count411
\@zero=\count412
\pst@toks=\toks56
--- We are running latex or xelatex ---
<<<<<<< HEAD

(C:\Users\MartenKirschenhofer\AppData\Local\Programs\MiKTeX\tex/generic/pstrick
s\pstricks.con)
(C:\Users\MartenKirschenhofer\AppData\Local\Programs\MiKTeX\tex/generic/pstrick
s\pstricks-color.tex)
=======
(/usr/share/texlive/texmf-dist/tex/generic/pstricks/pstricks.con) (/usr/share/texlive/texmf-dist/tex/generic/pstricks/pstricks-color.tex)
>>>>>>> 82e002eec67f925c0df4b4f54fa62a8404ac3abc
\psunit=\dimen352
\psxunit=\dimen353
\psyunit=\dimen354
\pst@C@@rType=\count413
\pslinewidth=\dimen355
\psk@startLW=\dimen356
\psk@endLW=\dimen357
<<<<<<< HEAD

(C:\Users\MartenKirschenhofer\AppData\Local\Programs\MiKTeX\tex/generic/pstrick
s\pstricks-arrows.tex
\pshooklength=\dimen358
\pshookwidth=\dimen359
)
\pst@customdefs=\toks57

(C:\Users\MartenKirschenhofer\AppData\Local\Programs\MiKTeX\tex/generic/pstrick
s\pstricks-dots.tex)
=======
 (/usr/share/texlive/texmf-dist/tex/generic/pstricks/pstricks-arrows.tex
\pshooklength=\dimen358
\pshookwidth=\dimen359
)
\pst@customdefs=\toks58
 (/usr/share/texlive/texmf-dist/tex/generic/pstricks/pstricks-dots.tex)
>>>>>>> 82e002eec67f925c0df4b4f54fa62a8404ac3abc
\pslinearc=\dimen360
\pst@symbolStep=\dimen361
\pst@symbolWidth=\dimen362
\pst@symbolLinewidth=\dimen363
<<<<<<< HEAD

(C:\Users\MartenKirschenhofer\AppData\Local\Programs\MiKTeX\tex/generic/pstrick
s\pst-code-grid.tex)
(C:\Users\MartenKirschenhofer\AppData\Local\Programs\MiKTeX\tex/generic/pstrick
s\pst-code-box.tex
\everypsbox=\toks58
\psframesep=\dimen364
)
(C:\Users\MartenKirschenhofer\AppData\Local\Programs\MiKTeX\tex/generic/pstrick
s\pst-code-arc.tex)
(C:\Users\MartenKirschenhofer\AppData\Local\Programs\MiKTeX\tex/generic/pstrick
s\pst-code-circle_ellipse.tex)
(C:\Users\MartenKirschenhofer\AppData\Local\Programs\MiKTeX\tex/generic/pstrick
s\pst-code-ref_rot.tex)
(C:\Users\MartenKirschenhofer\AppData\Local\Programs\MiKTeX\tex/generic/pstrick
s\pst-code-put.tex
\pslabelsep=\dimen365
)
(C:\Users\MartenKirschenhofer\AppData\Local\Programs\MiKTeX\tex/generic/pstrick
s\pst-code-pspicture.tex
=======
 (/usr/share/texlive/texmf-dist/tex/generic/pstricks/pst-code-grid.tex) (/usr/share/texlive/texmf-dist/tex/generic/pstricks/pst-code-box.tex
\everypsbox=\toks59
\psframesep=\dimen364
) (/usr/share/texlive/texmf-dist/tex/generic/pstricks/pst-code-arc.tex) (/usr/share/texlive/texmf-dist/tex/generic/pstricks/pst-code-circle_ellipse.tex) (/usr/share/texlive/texmf-dist/tex/generic/pstricks/pst-code-ref_rot.tex) (/usr/share/texlive/texmf-dist/tex/generic/pstricks/pst-code-put.tex
\pslabelsep=\dimen365
) (/usr/share/texlive/texmf-dist/tex/generic/pstricks/pst-code-pspicture.tex
>>>>>>> 82e002eec67f925c0df4b4f54fa62a8404ac3abc
\sh@wgridXunit=\dimen366
\sh@wgridYunit=\dimen367
\pst@shift=\dimen368
\ps@imagectr=\count414
)
(C:\Users\MartenKirschenhofer\AppData\Local\Programs\MiKTeX\tex/generic/pstrick
s\pstricks.con))
File: pstricks.tex 2025/12/13 v3.22A `PSTricks' (tvz,hv)

(C:\Users\MartenKirschenhofer\AppData\Local\Programs\MiKTeX\tex/generic/pstrick
s\pst-fp.tex `pst-fp' v0.06, 2020/11/20 (hv))
File: pst-fp.tex 2020/11/20 v0.06 `PST-fp' (hv)
)
(C:\Users\MartenKirschenhofer\AppData\Local\Programs\MiKTeX\tex/latex/pst-node\
pst-node.sty
Package: pst-node 2012/09/18 v1.01 LaTeX wrapper for `pst-node' (HV)
Package: pst-node 2010/04/22 package wrapper for pst-node.tex

(C:\Users\MartenKirschenhofer\AppData\Local\Programs\MiKTeX\tex/generic/pst-nod
e\pst-node.tex  v1.44, 2024/07/04
\psrow=\count415
\pscol=\count416
\psmatrixcnt=\count417
\psrowsep=\skip161
\pscolsep=\skip162
\pst@args=\count418
\num@pts=\count419
\pst@argcnt=\count420
)
File: pst-node.tex 2024/07/04 1.44 `pst-node' (tvz,hv)
)
(C:\Users\MartenKirschenhofer\AppData\Local\Programs\MiKTeX\tex/latex/pst-tree\
pst-tree.sty
Package: pst-tree 2009/01/25 package wrapper for pst-tree.tex

(C:\Users\MartenKirschenhofer\AppData\Local\Programs\MiKTeX\tex/generic/pst-tre
e\pst-tree.tex  v1.14, 2021/09/04(tvz,dg,hv)
\pstree@rootbox=\box85
\pstree@box=\box86
\psnodecnt=\count421
\pstreelevel=\count422
\pstreecnt=\count423
\pstree@cnt=\count424
\pstree@stop=\count425
)
File: pst-tree.tex 2021/09/04 1.14 `pst-tree' (tvz,hv)
)
(C:\Users\MartenKirschenhofer\AppData\Local\Programs\MiKTeX\tex/latex/multido\m
ultido.sty
Package: multido 2004/05/17 package wrapper for PSTricks `multido.tex', (HV/RN)


(C:\Users\MartenKirschenhofer\AppData\Local\Programs\MiKTeX\tex/generic/multido
\multido.tex  v1.42, 2010/05/14 <tvz>
\multido@count=\count426
\multidocount=\count427
\multido@stuff=\toks59
)
File: multido.tex 2010/05/14 v1.42 `multido' (tvz,hv)
)
(C:\Users\MartenKirschenhofer\AppData\Local\Programs\MiKTeX\tex/latex/xkeyval\p
st-xkey.sty
Package: pst-xkey 2005/11/25 v1.6 package wrapper for pst-xkey.tex (HA)
)
\c@umlint@a=\count428
\c@umlint@b=\count429
\c@umlint@c=\count430
\c@umlint@d=\count431
\umldim@a=\skip163
\umldim@b=\skip164
\umldim@c=\skip165
\umldim@d=\skip166
\umldim@D=\skip167
\umldim@H=\skip168
\umldim@W=\skip169
\umlbox@a=\box87
\umlbox@b=\box88
\umlbox@c=\box89
\umlbox@d=\box90
\umlbox@out=\box91
\c@umlDebug=\count432
\umldim@StackSep=\skip170
\umldim@StackWidth=\skip171
\umldim@ClassWidth=\skip172
\umldim@umlDoubleRuleSep=\skip173
\umldim@ActorLineWidth=\skip174
\c@umlCpt@Direction=\count433
\umldim@PosX=\skip175
\umldim@PosY=\skip176
\X=\skip177
\Y=\skip178

Package pst-uml.sty is loaded.
)
(C:\Users\MartenKirschenhofer\AppData\Local\Programs\MiKTeX\tex/latex/pgf-umlsd
\pgf-umlsd.sty
Package: pgf-umlsd 2011/07/27 v0.6 Some LaTeX macros for UML Sequence Diagrams.


(C:\Users\MartenKirschenhofer\AppData\Local\Programs\MiKTeX\tex/generic/pgf/fro
ntendlayer/tikz/libraries\tikzlibraryarrows.code.tex
File: tikzlibraryarrows.code.tex 2025-08-29 v3.1.11a (3.1.11a)

(C:\Users\MartenKirschenhofer\AppData\Local\Programs\MiKTeX\tex/generic/pgf/lib
raries\pgflibraryarrows.code.tex
File: pgflibraryarrows.code.tex 2025-08-29 v3.1.11a (3.1.11a)
\arrowsize=\dimen369
<<<<<<< HEAD
))
(C:\Users\MartenKirschenhofer\AppData\Local\Programs\MiKTeX\tex/generic/pgf/fro
ntendlayer/tikz/libraries\tikzlibraryshadows.code.tex
=======
)) (/usr/share/texlive/texmf-dist/tex/generic/pgf/frontendlayer/tikz/libraries/tikzlibraryshadows.code.tex
>>>>>>> 82e002eec67f925c0df4b4f54fa62a8404ac3abc
File: tikzlibraryshadows.code.tex 2025-08-29 v3.1.11a (3.1.11a)

(C:\Users\MartenKirschenhofer\AppData\Local\Programs\MiKTeX\tex/generic/pgf/fro
ntendlayer/tikz/libraries\tikzlibraryfadings.code.tex
File: tikzlibraryfadings.code.tex 2025-08-29 v3.1.11a (3.1.11a)

(C:\Users\MartenKirschenhofer\AppData\Local\Programs\MiKTeX\tex/generic/pgf/lib
raries\pgflibraryfadings.code.tex
File: pgflibraryfadings.code.tex 2025-08-29 v3.1.11a (3.1.11a)
)))
\c@preinst=\count434
\c@instnum=\count435
\c@threadnum=\count436
\c@seqlevel=\count437
\c@callevel=\count438
\c@callselflevel=\count439
\c@blocklevel=\count440
)
(C:\Users\MartenKirschenhofer\AppData\Local\Programs\MiKTeX\tex/latex/pgf-umlcd
\pgf-umlcd.sty
Package: pgf-umlcd 2022/05/22 v0.3 Some LaTeX macros for UML Class Diagrams.

(C:\Users\MartenKirschenhofer\AppData\Local\Programs\MiKTeX\tex/latex/pgf-umlcd
\tikzlibraryumlcd.code.tex
(C:\Users\MartenKirschenhofer\AppData\Local\Programs\MiKTeX\tex/generic/pgf/fro
ntendlayer/tikz/libraries\tikzlibraryshapes.multipart.code.tex
File: tikzlibraryshapes.multipart.code.tex 2025-08-29 v3.1.11a (3.1.11a)

(C:\Users\MartenKirschenhofer\AppData\Local\Programs\MiKTeX\tex/generic/pgf/lib
raries/shapes\pgflibraryshapes.multipart.code.tex
File: pgflibraryshapes.multipart.code.tex 2025-08-29 v3.1.11a (3.1.11a)
\pgfnodepartlowerbox=\box92
\pgfnodeparttwobox=\box93
\pgfnodepartthreebox=\box94
\pgfnodepartfourbox=\box95
\pgfnodeparttwentybox=\box96
\pgfnodepartnineteenbox=\box97
\pgfnodeparteighteenbox=\box98
\pgfnodepartseventeenbox=\box99
\pgfnodepartsixteenbox=\box100
\pgfnodepartfifteenbox=\box101
\pgfnodepartfourteenbox=\box102
\pgfnodepartthirteenbox=\box103
\pgfnodeparttwelvebox=\box104
\pgfnodepartelevenbox=\box105
\pgfnodeparttenbox=\box106
\pgfnodepartninebox=\box107
\pgfnodeparteightbox=\box108
\pgfnodepartsevenbox=\box109
\pgfnodepartsixbox=\box110
\pgfnodepartfivebox=\box111
))
(C:\Users\MartenKirschenhofer\AppData\Local\Programs\MiKTeX\tex/generic/pgf/fro
ntendlayer/tikz/libraries\tikzlibrarybackgrounds.code.tex
File: tikzlibrarybackgrounds.code.tex 2025-08-29 v3.1.11a (3.1.11a)
\pgf@layerbox@background=\box112
\pgf@layerboxsaved@background=\box113
)
(C:\Users\MartenKirschenhofer\AppData\Local\Programs\MiKTeX\tex/generic/pgf/fro
ntendlayer/tikz/libraries\tikzlibraryfit.code.tex
File: tikzlibraryfit.code.tex 2025-08-29 v3.1.11a (3.1.11a)
)
\pgf@layerbox@connectionlayers=\box114
\pgf@layerboxsaved@connectionlayers=\box115
\pgfumlcd@ClassAttributesNum=\count441
\pgfumlcd@ClassOperationsNum=\count442
\pgfumlcd@ClassAbstractClassNum=\count443
\pgfumlcd@ClassInterfaceNum=\count444
\pgfumlcd@ClassSplitPartNum=\count445
)))
(C:\Users\MartenKirschenhofer\AppData\Local\Programs\MiKTeX\tex/latex/breakurl\
breakurl.sty
Package: breakurl 2013/04/10 v1.40 Breakable hyperref URLs


Package breakurl Warning: You are using breakurl while processing via pdflatex.

(breakurl)                \burl will be just a synonym of \url.
(breakurl)                 on input line 48.

) (settings.tex
\c@theorem=\count446
\c@definition=\count447
\c@conjecture=\count448
\c@example=\count449
\c@assumption=\count450
\c@case=\count451

(C:\Users\MartenKirschenhofer\AppData\Local\Programs\MiKTeX\tex/latex/listings\
lstlang1.sty
File: lstlang1.sty 2025/11/14 1.11b listings language file
)
Package hyperref Info: Option `breaklinks' set `true' on input line 91.
Package hyperref Info: Option `colorlinks' set `true' on input line 91.
Package hyperref Info: Option `plainpages' set `false' on input line 91.
) (commands.tex) (hyphenation.tex)
Class scrbook Info: loading recommended package `bookmark'.
(scrbook)           Using `bookmark' together with `hyperref' is recommended,
(scrbook)           because of handling of possible bookmark level gaps.
(scrbook)           You can avoid loading `bookmark' with KOMA-Script option
(scrbook)           `bookmarkpackage=false' before \begin{document} and
(scrbook)           you can avoid this message adding:
(scrbook)             \usepackage{bookmark}
(scrbook)           before \begin{document} on input line 26.
<<<<<<< HEAD

(C:\Users\MartenKirschenhofer\AppData\Local\Programs\MiKTeX\tex/latex/bookmark\
bookmark.sty
Package: bookmark 2026-05-21 v1.32 PDF bookmarks (HO)

(C:\Users\MartenKirschenhofer\AppData\Local\Programs\MiKTeX\tex/latex/bookmark\
bkm-pdftex.def
File: bkm-pdftex.def 2026-05-21 v1.32 bookmark driver for pdfTeX (HO)
\BKM@id=\count452
))
Package babel-german Info: Using legacy glottonyms
(babel-german)             `german' denotes pre-1996 spelling. on input line 26
.
LaTeX Font Info:    Trying to load font information for T1+lmr on input line 26
.

(C:\Users\MartenKirschenhofer\AppData\Local\Programs\MiKTeX\tex/latex/lm\t1lmr.
fd
=======
 (/usr/share/texlive/texmf-dist/tex/latex/bookmark/bookmark.sty
Package: bookmark 2023-12-10 v1.31 PDF bookmarks (HO)
 (/usr/share/texlive/texmf-dist/tex/latex/bookmark/bkm-pdftex.def
File: bkm-pdftex.def 2023-12-10 v1.31 bookmark driver for pdfTeX and luaTeX (HO)
\BKM@id=\count452
))
Package babel-german Info: Using legacy glottonyms
(babel-german)             `german' denotes pre-1996 spelling. on input line 26.
LaTeX Font Info:    Trying to load font information for T1+lmr on input line 26.
 (/usr/share/texlive/texmf-dist/tex/latex/lm/t1lmr.fd
>>>>>>> 82e002eec67f925c0df4b4f54fa62a8404ac3abc
File: t1lmr.fd 2015/05/01 v1.6.1 Font defs for Latin Modern
) (main.aux (deckblatt.aux)
Package babel Info: 'german' activates 'german' shorthands.
(babel)             Reported on input line 14.
 (vorwort.aux) (danksagung.aux) (verzeichnisse.aux) (acronyms.aux) (01-einleitu
ng.aux) (02-grundlagen.aux)
(03-anforderungsanalyse.aux) (04-systementwurf.aux) (05-implementierung.aux)
(06-qualitaetssicherung.aux) (07-ergebnis-produktpraesentation.aux)
(08-fazit-ausblick.aux) (anhang.aux) (affidavit.aux))
\openout1 = `main.aux'.

LaTeX Font Info:    Checking defaults for OML/cmm/m/it on input line 26.
LaTeX Font Info:    ... okay on input line 26.
LaTeX Font Info:    Checking defaults for OMS/cmsy/m/n on input line 26.
LaTeX Font Info:    ... okay on input line 26.
LaTeX Font Info:    Checking defaults for OT1/cmr/m/n on input line 26.
LaTeX Font Info:    ... okay on input line 26.
LaTeX Font Info:    Checking defaults for T1/cmr/m/n on input line 26.
LaTeX Font Info:    ... okay on input line 26.
LaTeX Font Info:    Checking defaults for TS1/cmr/m/n on input line 26.
LaTeX Font Info:    ... okay on input line 26.
LaTeX Font Info:    Checking defaults for OMX/cmex/m/n on input line 26.
LaTeX Font Info:    ... okay on input line 26.
LaTeX Font Info:    Checking defaults for U/cmr/m/n on input line 26.
LaTeX Font Info:    ... okay on input line 26.
LaTeX Font Info:    Checking defaults for PD1/pdf/m/n on input line 26.
LaTeX Font Info:    ... okay on input line 26.
LaTeX Font Info:    Checking defaults for PU/pdf/m/n on input line 26.
LaTeX Font Info:    ... okay on input line 26.
<<<<<<< HEAD

(C:\Users\MartenKirschenhofer\AppData\Local\Programs\MiKTeX\tex/context/base/mk
ii\supp-pdf.mkii
=======
 (/usr/share/texlive/texmf-dist/tex/context/base/mkii/supp-pdf.mkii
>>>>>>> 82e002eec67f925c0df4b4f54fa62a8404ac3abc
[Loading MPS to PDF converter (version 2006.09.02).]
\scratchcounter=\count453
\scratchdimen=\dimen370
\scratchbox=\box116
\nofMPsegments=\count454
\nofMParguments=\count455
\everyMPshowfont=\toks60
\MPscratchCnt=\count456
\MPscratchDim=\dimen371
\MPnumerator=\count457
\makeMPintoPDFobject=\count458
\everyMPtoPDFconversion=\toks61
)
(C:\Users\MartenKirschenhofer\AppData\Local\Programs\MiKTeX\tex/latex/epstopdf-
pkg\epstopdf-base.sty
Package: epstopdf-base 2020-01-24 v2.11 Base part for package epstopdf
Package epstopdf-base Info: Redefining graphics rule for `.eps' on input line 4
85.

(C:\Users\MartenKirschenhofer\AppData\Local\Programs\MiKTeX\tex/latex/00miktex\
epstopdf-sys.cfg
File: epstopdf-sys.cfg 2021/03/18 v2.0 Configuration of epstopdf for MiKTeX
))
Package caption Info: Begin \AtBeginDocument code.
Package caption Info: hyperref package is loaded.
Package caption Info: listings package is loaded.
Package caption Info: xtab package is loaded.
Package caption Info: End \AtBeginDocument code.

*geometry* driver: auto-detecting
*geometry* detected driver: pdftex
*geometry* verbose mode - [ preamble ] result:
* driver: pdftex
* paper: a4paper
* layout: <same size as paper>
* layoutoffset:(h,v)=(0.0pt,0.0pt)
* modes: 
* h-part:(L,W,R)=(85.35826pt, 426.79135pt, 85.35826pt)
* v-part:(T,H,B)=(85.35826pt, 674.33032pt, 85.35826pt)
* \paperwidth=597.50787pt
* \paperheight=845.04684pt
* \textwidth=426.79135pt
* \textheight=674.33032pt
* \oddsidemargin=13.08827pt
* \evensidemargin=13.08827pt
* \topmargin=-24.31174pt
* \headheight=17.0pt
* \headsep=20.40001pt
* \topskip=11.0pt
* \footskip=47.6pt
* \marginparwidth=59.7508pt
* \marginparsep=12.8401pt
* \columnsep=10.0pt
* \skip\footins=10.0pt plus 4.0pt minus 2.0pt
* \hoffset=0.0pt
* \voffset=0.0pt
* \mag=1000
* \@twocolumnfalse
* \@twosidefalse
* \@mparswitchfalse
* \@reversemarginfalse
* (1in=72.27pt=25.4mm, 1cm=28.453pt)

Package hyperref Info: Link coloring ON on input line 26.
\c@lstlisting=\count459
Package tocbasic Info: setting babel extension for `lol' on input line 26.
\scr@dte@lstlisting@maxnumwidth=\skip179
\openout2 = `deckblatt.aux'.

(deckblatt.tex [1
Non-PDF special ignored!
<special> header=psfrag.pro
Non-PDF special ignored!
<special> header=pstricks.pro
Non-PDF special ignored!
<special> header=pst-algparser.pro
Non-PDF special ignored!
<special> header=pst-tools.pro
Non-PDF special ignored!
<special> header=pst-dots.pro
Non-PDF special ignored!
<special> header=pst-node.pro

Non-PDF special ignored!
<special> ps: /pssetRGBcolor /setrgbcolor load def /pssetCMYKcolor /setcmyk...
Non-PDF special ignored!
<special> ps:tx@Dict begin  gsave STV CP T /ps@rot 0 def grestore  end
Non-PDF special ignored!
<special> ps:tx@Dict begin  gsave STV CP T /ps@refangle 0.  def grestore  e...
Non-PDF special ignored!
<special> ps:tx@Dict begin  gsave STV CP T /ps@rot 0 def grestore  end
Non-PDF special ignored!
<special> ps:0.8 setlinewidth 0 setgray



{C:/Users/MartenKirschenhofer/AppData/Local/MiKTeX/fonts/map/pdftex/pdftex.map}
{C:/Users/MartenKirschenhofer/AppData/Local/Programs/MiKTeX/fonts/enc/dvips/lm/
lm-ec.enc}])
\openout2 = `vorwort.aux'.

 (vorwort.tex
LaTeX Font Info:    Trying to load font information for T1+lmss on input line 1
.

(C:\Users\MartenKirschenhofer\AppData\Local\Programs\MiKTeX\tex/latex/lm\t1lmss
.fd
File: t1lmss.fd 2015/05/01 v1.6.1 Font defs for Latin Modern
)) [2





]
\openout2 = `danksagung.aux'.

 (danksagung.tex) [3





]
\openout2 = `verzeichnisse.aux'.

 (verzeichnisse.tex (main.toc
LaTeX Font Info:    Trying to load font information for OT1+lmr on input line 7
.

(C:\Users\MartenKirschenhofer\AppData\Local\Programs\MiKTeX\tex/latex/lm\ot1lmr
.fd
File: ot1lmr.fd 2015/05/01 v1.6.1 Font defs for Latin Modern
)
LaTeX Font Info:    Trying to load font information for OML+lmm on input line 7
.

(C:\Users\MartenKirschenhofer\AppData\Local\Programs\MiKTeX\tex/latex/lm\omllmm
.fd
File: omllmm.fd 2015/05/01 v1.6.1 Font defs for Latin Modern
)
LaTeX Font Info:    Trying to load font information for OMS+lmsy on input line 
7.

(C:\Users\MartenKirschenhofer\AppData\Local\Programs\MiKTeX\tex/latex/lm\omslms
y.fd
File: omslmsy.fd 2015/05/01 v1.6.1 Font defs for Latin Modern
)
LaTeX Font Info:    Trying to load font information for OMX+lmex on input line 
7.

(C:\Users\MartenKirschenhofer\AppData\Local\Programs\MiKTeX\tex/latex/lm\omxlme
x.fd
File: omxlmex.fd 2015/05/01 v1.6.1 Font defs for Latin Modern
)
LaTeX Font Info:    External font `lmex10' loaded for size
(Font)              <10.95> on input line 7.
LaTeX Font Info:    External font `lmex10' loaded for size
(Font)              <8> on input line 7.
LaTeX Font Info:    External font `lmex10' loaded for size
(Font)              <6> on input line 7.
LaTeX Font Info:    Trying to load font information for U+msa on input line 7.

(C:\Users\MartenKirschenhofer\AppData\Local\Programs\MiKTeX\tex/latex/amsfonts\
umsa.fd
File: umsa.fd 2013/01/14 v3.01 AMS symbols A
)
LaTeX Font Info:    Trying to load font information for U+msb on input line 7.

(C:\Users\MartenKirschenhofer\AppData\Local\Programs\MiKTeX\tex/latex/amsfonts\
umsb.fd
File: umsb.fd 2013/01/14 v3.01 AMS symbols B
) [4





])
\tf@toc=\write5
\openout5 = `main.toc'.

<<<<<<< HEAD
 [5] (main.lof
Overfull \hbox (7.64883pt too wide) in paragraph at lines 6--6
 [][] [][][]\T1/lmr/m/n/10.95 Komponentenmodell der An-wen-dung mit Prä-sen-ta-
ti-ons-schicht, Com-po-sables, 
 []


Overfull \hbox (5.68713pt too wide) in paragraph at lines 17--17
 [][] [][][]\T1/lmr/m/n/10.95 Detaildarstellung der Gantt-Ansicht mit seg-men-t
ier-ter Aus-füh-rung und sicht- 
 []


Overfull \hbox (25.2605pt too wide) in paragraph at lines 18--18
 [][] [][][]\T1/lmr/m/n/10.95 Warteschlangen- und Sta-tus-dar-stel-lung zur Ein
-ord-nung der ak-tu-el-len Scheduling- 
 []


Overfull \hbox (2.17673pt too wide) in paragraph at lines 19--19
 [][] [][][]\T1/lmr/m/n/10.95 Kennzahlenbereich mit War-te-zeit, Durch-lauf-zei
t und Re-ak-ti-ons-zeit als quan- 
=======
 [5] (./main.lof
Overfull \hbox (5.68713pt too wide) in paragraph at lines 14--14
 [][] [][][]\T1/lmr/m/n/10.95 Detaildarstellung der Gantt-Ansicht mit seg-men-tier-ter Aus-füh-rung und sicht- 
 []


Overfull \hbox (25.2605pt too wide) in paragraph at lines 15--15
 [][] [][][]\T1/lmr/m/n/10.95 Warteschlangen- und Sta-tus-dar-stel-lung zur Ein-ord-nung der ak-tu-el-len Scheduling- 
 []


Overfull \hbox (2.17673pt too wide) in paragraph at lines 16--16
 [][] [][][]\T1/lmr/m/n/10.95 Kennzahlenbereich mit War-te-zeit, Durch-lauf-zeit und Re-ak-ti-ons-zeit als quan- 
>>>>>>> 82e002eec67f925c0df4b4f54fa62a8404ac3abc
 []

)
\tf@lof=\write6
\openout6 = `main.lof'.

 [6


] (main.lot)
\tf@lot=\write7
\openout7 = `main.lot'.

 [7


] (main.lol)
\tf@lol=\write8
\openout8 = `main.lol'.

) [8


]
\openout2 = `acronyms.aux'.

<<<<<<< HEAD
 (acronyms.tex)
\openout2 = `01-einleitung.aux'.

 (01-einleitung.tex
chapter 1.
LaTeX Font Info:    Trying to load font information for TS1+lmr on input line 1
6.

(C:\Users\MartenKirschenhofer\AppData\Local\Programs\MiKTeX\tex/latex/lm\ts1lmr
.fd
=======
 (./acronyms.tex)
\openout2 = `01-einleitung.aux'.

 (./01-einleitung.tex
chapter 1.
LaTeX Font Info:    Trying to load font information for TS1+lmr on input line 16.
(/usr/share/texlive/texmf-dist/tex/latex/lm/ts1lmr.fd
>>>>>>> 82e002eec67f925c0df4b4f54fa62a8404ac3abc
File: ts1lmr.fd 2015/05/01 v1.6.1 Font defs for Latin Modern
) [1








<<<<<<< HEAD
{C:/Users/MartenKirschenhofer/AppData/Local/Programs/MiKTeX/fonts/enc/dvips/lm/
lm-ts1.enc}]) [2]
=======
{/usr/share/texlive/texmf-dist/fonts/enc/dvips/lm/lm-ts1.enc}] [2]) [3]
>>>>>>> 82e002eec67f925c0df4b4f54fa62a8404ac3abc
\openout2 = `02-grundlagen.aux'.

 (02-grundlagen.tex
chapter 2.
<<<<<<< HEAD
[3
=======
[4
>>>>>>> 82e002eec67f925c0df4b4f54fa62a8404ac3abc





<<<<<<< HEAD
]) [4]
=======
]
Overfull \hbox (9.9pt too wide) in paragraph at lines 23--24
\T1/lmr/m/n/10.95 Eine grund-le-gen-de Klas-si-fi-ka-ti-on un-ter-schei-det zwi-schen prä-emp-ti-ven und nicht-präemptiven
 []

[5] [6]) [7]
>>>>>>> 82e002eec67f925c0df4b4f54fa62a8404ac3abc
\openout2 = `03-anforderungsanalyse.aux'.

 (03-anforderungsanalyse.tex
chapter 3.
<<<<<<< HEAD
[5
=======
[8
>>>>>>> 82e002eec67f925c0df4b4f54fa62a8404ac3abc





]
Overfull \hbox (37.45872pt too wide) in paragraph at lines 35--36
<<<<<<< HEAD
\T1/lmr/m/n/10.95 Da die An-wen-dung im Lehr-kon-text ein-ge-setzt wird, sind g
rund-le-gen-de Accessibility-Anforderungen
 []

[6]) [7]
=======
\T1/lmr/m/n/10.95 Da die An-wen-dung im Lehr-kon-text ein-ge-setzt wird, sind grund-le-gen-de Accessibility-Anforderungen
 []

[9]) [10]
>>>>>>> 82e002eec67f925c0df4b4f54fa62a8404ac3abc
\openout2 = `04-systementwurf.aux'.

 (04-systementwurf.tex
chapter 4.
<<<<<<< HEAD
[8
=======

Overfull \hbox (4.31566pt too wide) in paragraph at lines 25--26
[]\T1/lmr/bx/n/10.95 Simulationskern: \T1/lmr/m/n/10.95 De-ter-mi-ni-sti-sche Be-rech-nung des zeit-li-chen Ab-laufs je Scheduling-
 []

[11
>>>>>>> 82e002eec67f925c0df4b4f54fa62a8404ac3abc





<<<<<<< HEAD
]
LaTeX Font Info:    Trying to load font information for T1+lmtt on input line 3
0.

(C:\Users\MartenKirschenhofer\AppData\Local\Programs\MiKTeX\tex/latex/lm\t1lmtt
.fd
File: t1lmtt.fd 2015/05/01 v1.6.1 Font defs for Latin Modern
)

pdfTeX warning: pdflatex (file ./images/diagramme/komponentenDiagrammGross.pdf)
: PDF inclusion: found PDF version <1.7>, but at most version <1.5> allowed
<images/diagramme/komponentenDiagrammGross.pdf, id=284, 597.19106pt x 845.07718
pt>
File: images/diagramme/komponentenDiagrammGross.pdf Graphic file (type pdf)
<use images/diagramme/komponentenDiagrammGross.pdf>
Package pdftex.def Info: images/diagramme/komponentenDiagrammGross.pdf  used on
 input line 38.
(pdftex.def)             Requested size: 332.89383pt x 471.07367pt.
[9 <./images/diagramme/komponentenDiagrammGross.pdf>]
(images/scheduling-visualizer-overview-placeholder.tex
Underfull \hbox (badness 6493) in paragraph at lines 10--10
[][]|\T1/lmr/m/n/10 Über-sicht der Be-nut-ze-ro-ber-flä-che: Ein-ga-be-be-reich
, Si-mu-la-ti-ons-fen-ster und
 []

) [10]
Overfull \hbox (16.33687pt too wide) in paragraph at lines 63--64
\T1/lmr/m/n/10.95 Diese Kom-po-nen-te über-führt Si-mu-la-ti-ons-da-ten in Ana-
ly-se-an-sich-ten: zeit-li-cher Ab-lauf (Gantt),
 []

[11]) [12]
=======
] (./images/system-architecture-diagram.tex
LaTeX Font Info:    External font `lmex10' loaded for size
(Font)              <5> on input line 66.
) (./images/scheduling-visualizer-overview-placeholder.tex
Underfull \hbox (badness 6493) in paragraph at lines 10--10
[][]|\T1/lmr/m/n/10 Über-sicht der Be-nut-ze-ro-ber-flä-che: Ein-ga-be-be-reich, Si-mu-la-ti-ons-fen-ster und
 []

) [12{/usr/share/texlive/texmf-dist/fonts/enc/dvips/lm/lm-mathsy.enc}] [13]) [14] [15]
>>>>>>> 82e002eec67f925c0df4b4f54fa62a8404ac3abc
\openout2 = `05-implementierung.aux'.

 (05-implementierung.tex
chapter 5.
<<<<<<< HEAD
[13
=======
[16
>>>>>>> 82e002eec67f925c0df4b4f54fa62a8404ac3abc





<<<<<<< HEAD
] [14]
<images/diagramme/DomÃ¤nenmodell.pdf, id=356, 2902.845pt x 1255.81169pt>
File: images/diagramme/DomÃ¤nenmodell.pdf Graphic file (type pdf)
<use images/diagramme/DomÃ¤nenmodell.pdf>
Package pdftex.def Info: images/diagramme/DomÃ¤nenmodell.pdf  used on input lin
e 44.
(pdftex.def)             Requested size: 426.79135pt x 184.62701pt.
LaTeX Font Info:    Font shape `T1/lmtt/bx/n' in size <12> not available
(Font)              Font shape `T1/lmtt/b/n' tried instead on input line 51.

Overfull \hbox (3.27084pt too wide) in paragraph at lines 55--56
\T1/lmr/m/n/10.95 Aus-füh-rungs-seg-men-te (\T1/lmtt/m/n/10.95 segments\T1/lmr/
m/n/10.95 ), ag-gre-gier-te Kenn-zah-len (\T1/lmtt/m/n/10.95 finalMetrics\T1/lm
r/m/n/10.95 ) und Pro-zesszu-
 []

[15 <./images/diagramme/DomÃ¤nenmodell.pdf>]
Overfull \hbox (22.72316pt too wide) in paragraph at lines 66--67
[]\T1/lmr/bx/n/10.95 Strict Prio-ri-ty: \T1/lmr/m/n/10.95 Aus-wahl des höchst-p
rio-ren be-rei-ten Pro-zes-ses mit so-for-ti-ger Präemption
 []

<images/diagramme/Sequenzdiagramm.pdf, id=420, 2902.845pt x 2902.845pt>
File: images/diagramme/Sequenzdiagramm.pdf Graphic file (type pdf)
<use images/diagramme/Sequenzdiagramm.pdf>
Package pdftex.def Info: images/diagramme/Sequenzdiagramm.pdf  used on input li
ne 78.
(pdftex.def)             Requested size: 426.79135pt x 426.77068pt.
[16]
<images/diagramme/ZustandsdiagrammProzess.pdf, id=426, 2902.845pt x 2902.845pt>

File: images/diagramme/ZustandsdiagrammProzess.pdf Graphic file (type pdf)
<use images/diagramme/ZustandsdiagrammProzess.pdf>
Package pdftex.def Info: images/diagramme/ZustandsdiagrammProzess.pdf  used on 
input line 91.
(pdftex.def)             Requested size: 384.1096pt x 384.07146pt.
 [17 <./images/diagramme/Sequenzdiagramm.pdf>]
Overfull \hbox (19.88184pt too wide) in paragraph at lines 96--97
[]\T1/lmr/m/n/10.95 Die Über-gän-ge sind mit Er-eig-nis-sen ver-knüpft: \T1/lmt
t/m/n/10.95 arrival \T1/lmr/m/n/10.95 (Ein-tritt), \T1/lmtt/m/n/10.95 dispatch 
\T1/lmr/m/n/10.95 (CPU-Zuteilung),
 []

[18 <./images/diagramme/ZustandsdiagrammProzess.pdf>]) [19]
=======
] [17]) [18]
>>>>>>> 82e002eec67f925c0df4b4f54fa62a8404ac3abc
\openout2 = `06-qualitaetssicherung.aux'.


(06-qualitaetssicherung.tex
chapter 6.
<<<<<<< HEAD

Overfull \hbox (5.43042pt too wide) in paragraph at lines 19--20
\T1/lmr/m/n/10.95 ste-hen de-ter-mi-ni-sti-sche Be-rech-nungs-schrit-te, kor-re
k-te Prä-emp-ti-ons-ent-schei-dun-gen und kon-
 []

[20
=======
[19
>>>>>>> 82e002eec67f925c0df4b4f54fa62a8404ac3abc





<<<<<<< HEAD
]) [21]
=======
]) [20] [21]
>>>>>>> 82e002eec67f925c0df4b4f54fa62a8404ac3abc
\openout2 = `07-ergebnis-produktpraesentation.aux'.

 (07-ergebnis-produktpraesentation.tex
chapter 7.
[22





]
Underfull \hbox (badness 1540) in paragraph at lines 57--57
<<<<<<< HEAD
[][]|\T1/lmr/m/n/10 Ge-la-de-nes Szenario mit sicht-ba-ren Task-Parametern als 
Grund-la-ge für die
=======
[][]|\T1/lmr/m/n/10 Ge-la-de-nes Szenario mit sicht-ba-ren Task-Parametern als Grund-la-ge für die
 []


Overfull \hbox (0.83737pt too wide) in paragraph at lines 139--140
\T1/lmr/m/n/10.95 funktionale Zie-le wie De-ter-mi-ni-stik, Nach-voll-zieh-bar-keit und Er-weiter-bar-keit wur-den durch
>>>>>>> 82e002eec67f925c0df4b4f54fa62a8404ac3abc
 []

[23] [24]
Overfull \hbox (8.04883pt too wide) in paragraph at lines 143--144
<<<<<<< HEAD
\T1/lmr/m/n/10.95 Das ent-wickel-te Pro-dukt er-füllt die Ziel-set-zung der Ar-
beit: Prä-emp-ti-ve Scheduling-Verfahren
=======
\T1/lmr/m/n/10.95 Das ent-wickel-te Pro-dukt er-füllt die Ziel-set-zung der Ar-beit: Prä-emp-ti-ve Scheduling-Verfahren
>>>>>>> 82e002eec67f925c0df4b4f54fa62a8404ac3abc
 []

) [25]
\openout2 = `08-fazit-ausblick.aux'.

 (08-fazit-ausblick.tex
chapter 8.
<<<<<<< HEAD
=======

Overfull \hbox (10.48665pt too wide) in paragraph at lines 3--4
\T1/lmr/m/n/10.95 teln las-sen. Die zen-tra-le Lei-stung liegt in der Ver-bin-dung von Si-mu-la-ti-ons-lo-gik, Visualisierung
 []


Overfull \hbox (17.20245pt too wide) in paragraph at lines 7--8
[]\T1/lmr/m/n/10.95 Die An-wen-dung er-füllt da-mit die Ziel-set-zung der Ar-beit: Sie macht Scheduling-Entscheidungen
 []

>>>>>>> 82e002eec67f925c0df4b4f54fa62a8404ac3abc
) [26





] (main.bbl
chapter without number
<<<<<<< HEAD
) [27
=======
LaTeX Font Info:    Trying to load font information for T1+lmtt on input line 11.
(/usr/share/texlive/texmf-dist/tex/latex/lm/t1lmtt.fd
File: t1lmtt.fd 2015/05/01 v1.6.1 Font defs for Latin Modern
)) [27
>>>>>>> 82e002eec67f925c0df4b4f54fa62a8404ac3abc




]
\openout2 = `anhang.aux'.

 (anhang.tex
chapter A.
) [28



]
\openout2 = `affidavit.aux'.

<<<<<<< HEAD
 (affidavit.tex) [29
=======
 (./affidavit.tex) [29
>>>>>>> 82e002eec67f925c0df4b4f54fa62a8404ac3abc





] (main.aux (deckblatt.aux) (vorwort.aux)
(danksagung.aux) (verzeichnisse.aux) (acronyms.aux) (01-einleitung.aux)
(02-grundlagen.aux) (03-anforderungsanalyse.aux) (04-systementwurf.aux)
(05-implementierung.aux) (06-qualitaetssicherung.aux)
(07-ergebnis-produktpraesentation.aux) (08-fazit-ausblick.aux) (anhang.aux)
(affidavit.aux))
 ***********
LaTeX2e <2025-11-01>
L3 programming layer <2020/03/25>
 ***********
 ) 
Here is how much of TeX's memory you used:
<<<<<<< HEAD
 39300 strings out of 467691
 777028 string characters out of 5408211
 1578611 words of memory out of 5000000
 67307 multiletter control sequences out of 15000+600000
 686518 words of font info for 77 fonts, out of 8000000 for 9000
 1156 hyphenation exceptions out of 8191
 110i,8n,107p,11209b,706s stack positions out of 10000i,1000n,20000p,200000b,200000s
<C:/Users/MartenKirschenhofer/AppData/Local/Programs/MiKTeX/fonts/type1/publi
c/lm/lmbx10.pfb><C:/Users/MartenKirschenhofer/AppData/Local/Programs/MiKTeX/fon
ts/type1/public/lm/lmbx12.pfb><C:/Users/MartenKirschenhofer/AppData/Local/Progr
ams/MiKTeX/fonts/type1/public/lm/lmr10.pfb><C:/Users/MartenKirschenhofer/AppDat
a/Local/Programs/MiKTeX/fonts/type1/public/lm/lmr12.pfb><C:/Users/MartenKirsche
nhofer/AppData/Local/Programs/MiKTeX/fonts/type1/public/lm/lmr17.pfb><C:/Users/
MartenKirschenhofer/AppData/Local/Programs/MiKTeX/fonts/type1/public/lm/lmri10.
pfb><C:/Users/MartenKirschenhofer/AppData/Local/Programs/MiKTeX/fonts/type1/pub
lic/lm/lmssbx10.pfb><C:/Users/MartenKirschenhofer/AppData/Local/Programs/MiKTeX
/fonts/type1/public/lm/lmtk10.pfb><C:/Users/MartenKirschenhofer/AppData/Local/P
rograms/MiKTeX/fonts/type1/public/lm/lmtt10.pfb>
Output written on main.pdf (37 pages, 1874402 bytes).
PDF statistics:
 895 PDF objects out of 1000 (max. 8388607)
 147 named destinations out of 1000 (max. 500000)
 593 words of extra memory for PDF output out of 10000 (max. 10000000)
=======
 39458 strings out of 467363
 756817 string characters out of 5419001
 1581309 words of memory out of 6000000
 67480 multiletter control sequences out of 15000+600000
 696188 words of font info for 83 fonts, out of 8000000 for 9000
 1156 hyphenation exceptions out of 8191
 110i,8n,107p,11272b,1026s stack positions out of 10000i,1000n,20000p,200000b,200000s
</usr/share/texlive/texmf-dist/fonts/type1/public/lm/lmbx10.pfb></usr/share/texlive/texmf-dist/fonts/type1/public/lm/lmbx12.pfb></usr/share/texlive/texmf-dist/fonts/type1/public/lm/lmr10.pfb></usr/share/texlive/texmf-dist/fonts/type1/public/lm/lmr12.pfb></usr/share/texlive/texmf-dist/fonts/type1/public/lm/lmr17.pfb></usr/share/texlive/texmf-dist/fonts/type1/public/lm/lmr8.pfb></usr/share/texlive/texmf-dist/fonts/type1/public/lm/lmr9.pfb></usr/share/texlive/texmf-dist/fonts/type1/public/lm/lmri10.pfb></usr/share/texlive/texmf-dist/fonts/type1/public/lm/lmssbx10.pfb></usr/share/texlive/texmf-dist/fonts/type1/public/lm/lmsy8.pfb></usr/share/texlive/texmf-dist/fonts/type1/public/lm/lmtt10.pfb>
Output written on main.pdf (37 pages, 353063 bytes).
PDF statistics:
 712 PDF objects out of 1000 (max. 8388607)
 627 compressed objects within 7 object streams
 153 named destinations out of 1000 (max. 500000)
 597 words of extra memory for PDF output out of 10000 (max. 10000000)
>>>>>>> 82e002eec67f925c0df4b4f54fa62a8404ac3abc

